epoch,train_loss,val_loss,train_grad_norm,learning_rate,val_rmse,val_mae,val_r2,val_nrmse,val_relative_l2,val_residual_mean,val_residual_std
1,0.03185279377632671,0.001326911966316402,0.0,0.0020246394393832255,0.045081097444515224,0.035508088767528534,0.98234623670578,0.01896794397446622,0.13265909573556897,0.02649545855820179,0.03647322207689285
2,0.0030518744283148814,0.0005812774761579931,0.0,0.0020246394393832255,0.029837691963247603,0.019919095560908318,0.9922664761543274,0.012554256696674957,0.08780266485580487,0.004623271059244871,0.029477333649992943
3,0.0012710861596537547,0.00022288014588411897,0.0,0.0020246394393832255,0.018476048201788615,0.013609123416244984,0.9970347285270691,0.007773826881486034,0.05436902333806488,-0.00868375413119793,0.01630818098783493
4,0.0006014189825186299,0.0002887446607928723,0.0,0.0020246394393832255,0.02102956972501428,0.017101528123021126,0.9961584210395813,0.008848225153394803,0.06188322943150238,-0.0017857373459264636,0.02095361426472664
5,0.000276276557188895,0.0001863132929429412,0.0,0.0020246394393832255,0.016892554603001906,0.014104955829679966,0.9975212216377258,0.007107569412872291,0.04970932593211706,0.002313941949978471,0.0167333222925663
6,0.00014686032227473333,0.00012924295151606202,0.0,0.0020246394393832255,0.014069440800209894,0.010695899836719036,0.9982805252075195,0.0059197397574206325,0.041401807087126215,0.0032950828317552805,0.013678142800927162
7,9.099789329209468e-05,7.221389387268573e-05,0.0,0.0020246394393832255,0.01051680384876725,0.007694966159760952,0.9990392327308655,0.004424962068400973,0.030947555116608752,-0.003883213270455599,0.009773628786206245
8,5.399595263750396e-05,4.8332938604289666e-05,0.0,0.0020246394393832255,0.008603894717073153,0.006031969096511602,0.9993569850921631,0.0036201024865579203,0.02531848110148253,0.0039709992706775665,0.007632704451680183
9,4.941307674420791e-05,4.250749771017581e-05,0.0,0.0020246394393832255,0.008068750683148381,0.005280354525893927,0.9994344711303711,0.0033949397769267265,0.02374372207897028,0.0035848617553710938,0.00722865853458643
10,3.99503729163876e-05,3.9334321627393365e-05,0.0,0.0020246394393832255,0.007761744522006704,0.004959847312420607,0.9994766712188721,0.0032657664427700227,0.022840304255302184,0.002458697184920311,0.007362029980868101
11,3.7621394666429194e-05,2.7899670385522768e-05,0.0,0.0020246394393832255,0.006536917871019314,0.004033446311950684,0.9996287822723389,0.002750418667065231,0.019236033344243356,-0.00021237025794107467,0.006533467210829258
12,3.19762992957193e-05,3.409796045161784e-05,0.0,0.0020246394393832255,0.007226659548194803,0.005004497244954109,0.9995463490486145,0.00304062858277594,0.02126571995046221,-0.00366353802382946,0.00622921297326684
13,2.9890909192747334e-05,2.5374340111739002e-05,0.0,0.0020246394393832255,0.006234058057017462,0.004107211716473103,0.9996623992919922,0.0026229899151104952,0.01834481425116945,0.002031574724242091,0.005893740803003311
14,2.318088950738052e-05,2.5198607545462437e-05,0.0,0.0020246394393832255,0.006212432431846968,0.004080969374626875,0.9996647238731384,0.0026138908986734714,0.01828118121565738,0.002230970421805978,0.00579802505671978
15,2.5840755269099544e-05,3.449405267019756e-05,0.0,0.0020246394393832255,0.007268513499012171,0.005485714878886938,0.9995411038398743,0.003058238699636804,0.02138888302041188,0.004600570071488619,0.0056272586807608604
16,2.451069142100298e-05,2.5570594516466372e-05,0.0,0.0020246394393832255,0.006258120444285096,0.0044293710961937904,0.9996597766876221,0.002633114203103842,0.0184156264644778,0.0030877303797751665,0.00544334389269352
17,2.4670618990462066e-05,2.0131699784542434e-05,0.0,0.0020246394393832255,0.0055528199532135425,0.0035265744663774967,0.9997321367263794,0.002336357891519498,0.016340150939112643,-0.0011952180648222566,0.005422662012279034
18,0.00024853268324578594,0.0019259285181760788,0.0,0.0020246394393832255,0.05431172147353103,0.05391542240977287,0.9743766784667969,0.022851743823110657,0.15982183930116964,-0.053893689066171646,0.006725577637553215
19,0.0008197864355881595,3.49490946973674e-05,0.0,0.0020246394393832255,0.007316298225426265,0.005157016217708588,0.9995350241661072,0.00307834419983172,0.021529497808020725,-0.0029605471063405275,0.006690544541925192
20,0.00023507238681001277,0.00020230862719472498,0.0,0.0020246394393832255,0.017602754266193198,0.01630452647805214,0.9973084330558777,0.007406387058975007,0.05179920707277302,-0.0160104651004076,0.0073158713057637215
21,9.568962660624593e-05,9.956345456885174e-05,0.0,0.0020246394393832255,0.012348763089795649,0.01063852570950985,0.9986753463745117,0.005195761854056146,0.03633842020303637,0.01010105013847351,0.007103573530912399
22,5.216642360513409e-05,4.9263271648669615e-05,0.0,0.0020246394393832255,0.008686303565612941,0.006721054203808308,0.9993445873260498,0.003654776141608728,0.02556098636638477,-0.005993877071887255,0.006286914926022291
23,3.6517004951343144e-05,4.597459701471962e-05,0.0,0.0020246394393832255,0.008391362047267687,0.006475585512816906,0.9993883371353149,0.0035306790252374533,0.024693066304543192,0.0049044303596019745,0.006808929145336151
24,2.9959101286496865e-05,3.559664764907211e-05,0.0,0.0020246394393832255,0.007383767827717614,0.005230125039815903,0.9995263814926147,0.0031067321430892445,0.02172803866455114,-0.004156883805990219,0.00610248651355505
25,2.528016597756909e-05,2.1526428099605255e-05,0.0,0.0020246394393832255,0.005741950700460728,0.003713078796863556,0.9997135996818542,0.0024159349564312127,0.01689670119515595,0.0018033130327239633,0.005451427306979895
26,2.1141888484837385e-05,1.96410583157558e-05,0.0,0.0020246394393832255,0.005484737947195197,0.0034938801545649767,0.9997386932373047,0.0023077122784127043,0.016139809917712904,0.0015232186997309327,0.005268980283290148
27,1.883518133480619e-05,1.7225345800397918e-05,0.0,0.0020246394393832255,0.0051363827424718775,0.0031290340702980757,0.9997708201408386,0.002161141267923483,0.015114715556421595,-0.0003484280314296484,0.005124551709741354
28,1.799635982832923e-05,1.8345484932069667e-05,0.0,0.0020246394393832255,0.005300759148545053,0.0033883757423609495,0.9997559189796448,0.0022303029041271607,0.015598418567908097,-0.0014662727480754256,0.005093926563858986
29,1.7509109663175575e-05,1.5973200788721442e-05,0.0,0.0020246394393832255,0.004946173713811036,0.003030746476724744,0.9997875094413757,0.0020811105143794515,0.0145549903079238,0.00010199163079960272,0.004945122171193361
30,1.7921568744188538e-05,1.6709778719814494e-05,0.0,0.0020246394393832255,0.005058931867910245,0.0032735508866608143,0.9997776746749878,0.002128553688367183,0.01488680064926691,0.0014768526889383793,0.004838563501834869
31,1.8256729971552784e-05,1.8981680113938637e-05,0.0,0.0020246394393832255,0.005391887523913415,0.003742497181519866,0.9997474551200867,0.002268645314060695,0.015866581552618456,0.002434140769764781,0.004811176098883152
32,1.7137148865408057e-05,1.4471381291514263e-05,0.0,0.0020246394393832255,0.0047079127297431685,0.0028829765506088734,0.9998074769973755,0.0019808618236135983,0.013853864042291896,-8.132182847475633e-05,0.00470721023157239
33,1.5557660238603905e-05,1.4928770724509377e-05,0.0,0.0020246394393832255,0.004781734814988801,0.003015950322151184,0.9998013973236084,0.0020119225842514872,0.014071098257644339,-0.0008007376454770565,0.004714213311672211
34,1.7122097132313582e-05,1.5003603948571254e-05,0.0,0.0020246394393832255,0.004793704830417932,0.003158607752993703,0.9998003840446472,0.0020169589874205244,0.014106319621841758,0.001244595623575151,0.0046293181367218494
35,1.6808870693946825e-05,1.679057822912e-05,0.0,0.0020246394393832255,0.005071148627995189,0.0035238047130405903,0.9997766017913818,0.002133693909745465,0.014922752390618946,0.002273961901664734,0.004532730672508478
36,1.6057637569449274e-05,1.3575742741522845e-05,0.0,0.0020246394393832255,0.004559898779364002,0.0028869700618088245,0.9998193979263306,0.0019185847168575595,0.013418307206415422,0.0006895643891766667,0.0045074583031237125
37,1.5037166627330913e-05,1.346736553387018e-05,0.0,0.0020246394393832255,0.004541660639242647,0.0028466542717069387,0.9998208284378052,0.0019109109901820698,0.013364638806671653,-0.0008634195546619594,0.0044588325545191765
38,1.566932820019752e-05,1.2846590834669769e-05,0.0,0.0020246394393832255,0.004435753002113568,0.0027333316393196583,0.999829113483429,0.001866350182184773,0.013052984010571873,-0.0005089120822958648,0.004406462423503399
39,1.3849458506835314e-05,2.383056744292844e-05,0.0,0.0020246394393832255,0.0060414418137014906,0.0046945661306381226,0.9996829628944397,0.002541946322143705,0.017778005776383925,-0.004173554014414549,0.004368118941783905
40,2.8582570545646984e-05,2.3106531443772838e-05,0.0,0.0020246394393832255,0.0059489564809641566,0.004572635516524315,0.9996925592422485,0.0025030329702231866,0.017505855791676593,-0.003972397185862064,0.004428334068506956
41,1.9271287884395053e-05,1.6457473975606263e-05,0.0,0.0020246394393832255,0.005020593960506979,0.0034686282742768526,0.99978107213974,0.002112422952405876,0.014773983156895598,0.0017853460740298033,0.004692430607974529
42,1.9329779307655473e-05,2.54672922892496e-05,0.0,0.0020246394393832255,0.006245465654772544,0.004989215638488531,0.9996611475944519,0.002627789680142124,0.018378382958040538,-0.004524284042418003,0.0043054260313510895
43,2.436845261399867e-05,1.5792702470207587e-05,0.0,0.0020246394393832255,0.0049181482875829356,0.0033798774238675833,0.9997898936271667,0.002069318771394281,0.01447251783815878,-0.000815732404589653,0.004850027151405811
44,5.5102956745637734e-05,2.1376554286689498e-05,0.0,0.0020246394393832255,0.005721927323702248,0.004339228849858046,0.9997156262397766,0.002407510088580515,0.01683778124045927,0.0031638136133551598,0.0047676763497292995
45,3.080415040636176e-05,3.5403663787292317e-05,0.0,0.0020246394393832255,0.007363726929848143,0.00582327414304018,0.9995290040969849,0.0030982999032030264,0.02166906715382002,0.005049292929470539,0.005359954666346312
46,2.610506049273277e-05,2.1468840714078397e-05,0.0,0.0020246394393832255,0.005734265313736565,0.00434940354898572,0.9997143745422363,0.002412701317654219,0.01687408814560414,0.0030971120577305555,0.004825940355658531
47,2.6902982224580934e-05,1.21464781841496e-05,0.0,0.0020246394393832255,0.004313190285898507,0.0026952801272273064,0.9998384118080139,0.001814781722978851,0.012692320907397204,7.741285662632436e-05,0.004312495701014996
48,1.3650457225998656e-05,1.362646980851423e-05,0.0,0.0020246394393832255,0.0045684111534959266,0.003120856359601021,0.9998186826705933,0.0019221663119112905,0.01344335341437056,0.0017073567723855376,0.004237370565533638
49,1.3614264692781338e-05,1.1684038327075541e-05,0.0,0.0020246394393832255,0.0042302877168587435,0.0026004069950431585,0.9998445510864258,0.0017799003342366861,0.012448364912970206,4.277471816749312e-05,0.004230071324855089
50,1.8724195595293873e-05,1.6717433027224615e-05,0.0,0.0020246394393832255,0.005060091315955742,0.003647534642368555,0.9997775554656982,0.002129041527989884,0.014890213372324665,0.0026501009706407785,0.004310625605285168
51,2.750858149940743e-05,9.386363672092557e-05,0.0,0.0020246394393832255,0.011990083835538842,0.011404353193938732,0.9987512230873108,0.005044846983185491,0.03528293355944053,0.011246811598539352,0.004155880305916071
52,0.0003935577891146143,8.010512829059735e-05,0.0,0.0020246394393832255,0.011076526453961372,0.009605824016034603,0.998934268951416,0.004660466251271217,0.03259463866277303,-0.009241721592843533,0.0061057377606630325
53,0.00022339498516683106,8.735060691833496e-05,0.0,0.0020246394393832255,0.011566617549092184,0.010085548274219036,0.9988378286361694,0.004866672864725278,0.03403681561426517,-0.009597547352313995,0.006455518770962954
54,8.160337569683584e-05,4.8827783757587895e-05,0.0,0.0020246394393832255,0.008647824469054207,0.006756849121302366,0.999350368976593,0.003638586000084058,0.02544774926517757,-0.004394811112433672,0.007447852287441492
55,4.9142220531292776e-05,2.6163883376284502e-05,0.0,0.0020246394393832255,0.006330303052602142,0.004466136451810598,0.9996519088745117,0.0026634851511974124,0.018628031597937356,-0.00016999630315694958,0.00632801977917552
56,3.1814161856244835e-05,1.968577089428436e-05,0.0,0.0020246394393832255,0.005490976467580303,0.003584348363801837,0.9997380971908569,0.002310337145859507,0.016158166730198976,-0.0024153657723218203,0.004931209608912468
57,2.1080667870086876e-05,2.1764759367215447e-05,0.0,0.0020246394393832255,0.005773648909146502,0.0038441624492406845,0.9997104406356812,0.0024292720285196356,0.016989980382585188,-0.002406410174444318,0.005248257890343666
58,1.77587105806904e-05,1.4641357665823307e-05,0.0,0.0020246394393832255,0.0047354817018176384,0.002840266330167651,0.999805212020874,0.0019924615127823405,0.013934988894601043,-0.0003964955685660243,0.004718853160738945
59,1.4674705905943281e-05,1.3232977835286874e-05,0.0,0.0020246394393832255,0.004501966457479081,0.0026731130201369524,0.9998239278793335,0.0018942095996107718,0.013247827153743027,0.00046999231562949717,0.004477366339415312
60,1.4083422987217395e-05,1.3739790119871031e-05,0.0,0.0020246394393832255,0.004587367959766638,0.002910859417170286,0.9998171925544739,0.001930142418520501,0.013499138475750653,0.0012510360684245825,0.004413485527038574
61,1.3410948566969535e-05,1.2706554116448388e-05,0.0,0.0020246394393832255,0.004411510400895438,0.002666831249371171,0.999830961227417,0.0018561500688830336,0.012981647644246681,0.0003175230522174388,0.004400068894028664
62,1.3479038999422402e-05,1.2154948308307212e-05,0.0,0.0020246394393832255,0.004314693902792564,0.002518001012504101,0.9998382925987244,0.001815414372195979,0.01269674613368695,-0.0005002024699933827,0.004285601433366537
63,1.208530597472822e-05,1.2037156011501793e-05,0.0,0.0020246394393832255,0.004293736634536666,0.002580842934548855,0.9998398423194885,0.0018065965680015492,0.01263507795593201,-0.00012157567107351497,0.004292014986276627
64,1.2008489647996612e-05,1.3132898857293185e-05,0.0,0.0020246394393832255,0.00448491059255227,0.0028642783872783184,0.9998252987861633,0.0018870333171175165,0.013197638786324205,-0.000722041237168014,0.004426406696438789
65,1.2827671121663621e-05,1.1903230188181624e-05,0.0,0.0010123197196916128,0.0042697829982007735,0.002616280922666192,0.9998416304588318,0.0017965180371369634,0.012564590832063068,-0.0003778215032070875,0.004253034014254808
66,1.162224493277285e-05,1.1884661944350228e-05,0.0,0.0010123197196916128,0.004266451330133738,0.002564232563599944,0.9998418688774109,0.0017951162324600738,0.012554785160734301,-0.0010852633276954293,0.004126112908124924
67,1.1405354800647021e-05,1.1028345397789963e-05,0.0,0.0010123197196916128,0.004109875150863722,0.0024680725764483213,0.999853253364563,0.001729236554180614,0.012094036041471766,0.0003622777003329247,0.004093877039849758
68,1.1690582646729632e-05,1.2299285117478576e-05,0.0,0.0010123197196916128,0.004340236460489898,0.0028303968720138073,0.9998363852500916,0.001826161444269011,0.012771909103457517,0.0014327237149700522,0.004096944350749254
69,1.1510045422053534e-05,1.0895031664404087e-05,0.0,0.0010123197196916128,0.004084958596873519,0.002426690421998501,0.9998550415039062,0.001718752874170281,0.012020710471484288,-3.005533289979212e-05,0.004084848333150148
70,1.1170997216443842e-05,1.1045623068639543e-05,0.0,0.0010123197196916128,0.004113092847912758,0.0024612972047179937,0.9998530149459839,0.0017305904053690866,0.012103500870128379,-0.0003632141451817006,0.004097023978829384
71,1.0963658496621065e-05,1.1124805496365298e-05,0.0,0.0010123197196916128,0.0041278089367211375,0.0024601127952337265,0.9998520016670227,0.0017367822233119432,0.012146805074836906,-0.0007745727780275047,0.00405448442324996
72,1.1165278212704126e-05,1.1993903171969578e-05,0.0,0.0010123197196916128,0.004286014822035302,0.002659277059137821,0.9998404383659363,0.00180334760302044,0.012612353201638905,-0.0015044143656268716,0.004013310186564922
73,1.1804121944199627e-05,1.2080925444024615e-05,0.0,0.0010123197196916128,0.004301534868775739,0.0027160588651895523,0.9998392462730408,0.0018098776875512352,0.012658026119707705,-0.0015371845802292228,0.004017495084553957
74,1.1173476802165775e-05,1.0693909644032829e-05,0.0,0.0010123197196916128,0.004047079190926142,0.002393855480477214,0.9998577237129211,0.0017028150534311073,0.011909244176849021,-0.0007129164296202362,0.003983792383223772
75,1.0913596169201708e-05,1.0360831765865441e-05,0.0,0.0010123197196916128,0.003983554583967107,0.002340602455660701,0.9998621344566345,0.0016760869732799536,0.011722312020740833,-0.00034366894396953285,0.0039687021635472775
76,1.0571838983095302e-05,1.0309411663911305e-05,0.0,0.0010123197196916128,0.003973657277399427,0.0023732350673526525,0.9998628497123718,0.0016719226656850702,0.011693187157616376,-0.00011985949822701514,0.0039718495681881905
77,1.057867373472416e-05,1.026874906528974e-05,0.0,0.0010123197196916128,0.003965811960252755,0.0023561259731650352,0.9998633861541748,0.0016686217359265804,0.011670102227138199,0.00014473352348431945,0.0039631701074540615
78,1.0382751699782804e-05,1.0871734957618173e-05,0.0,0.0010123197196916128,0.004080589528364637,0.0025797931011766195,0.9998553395271301,0.0017169145815954588,0.012007854401450939,0.0002402271202299744,0.004073512274771929
79,1.0516938042807547e-05,1.0452042261022143e-05,0.0,0.0010123197196916128,0.004001049641491599,0.002371684182435274,0.999860942363739,0.0016834480467623164,0.011773795017469018,-0.0007892050198279321,0.003922441974282265
80,1.0501871050413078e-05,1.0011665835918393e-05,0.0,0.0010123197196916128,0.00391585479580572,0.0023325341753661633,0.999866783618927,0.0016476021789488286,0.011523093059146275,0.0001049781494657509,0.0039144475013017654
81,1.0117100120826055e-05,1.0119711987499613e-05,0.0,0.0010123197196916128,0.003936927906734163,0.002315174788236618,0.9998653531074524,0.0016564687241333237,0.011585104943797506,-0.00045645536738447845,0.0039103771559894085
82,1.0124639730848787e-05,1.0185010069108102e-05,0.0,0.0010123197196916128,0.003949609914304982,0.0024285430554300547,0.9998645186424255,0.0016618046991366635,0.011622423636118333,9.455466351937503e-05,0.003948477562516928
83,1.0219117029919289e-05,1.0058609404950403e-05,0.0,0.0010123197196916128,0.003925024351134552,0.002310978015884757,0.9998661875724792,0.0016514602840440322,0.011550076914729252,-0.000428094674134627,0.0039016087539494038
84,1.0084659455363484e-05,1.0044015652965754e-05,0.0,0.0010123197196916128,0.003922176443403235,0.0023483475670218468,0.9998663663864136,0.001650262022303431,0.011541694762795957,-0.00042998415301553905,0.00389853585511446
85,1.043304135035012e-05,9.777208106243052e-06,0.0,0.0010123197196916128,0.003869732230556419,0.0023296086583286524,0.9998699426651001,0.0016281960357269571,0.011387369650305271,0.00017202046001330018,0.0038659069687128067
86,1.0034620774806373e-05,9.708667676022742e-06,0.0,0.0010123197196916128,0.0038561438604227684,0.0023073081392794847,0.9998708367347717,0.0016224787072232176,0.011347384365314054,8.135296957334504e-05,0.003855285933241248
87,9.912917246563464e-06,1.1160677786392625e-05,0.0,0.0010123197196916128,0.004134459634458487,0.002757577458396554,0.9998515248298645,0.0017395805150400541,0.012166379182580678,0.001471610739827156,0.003863692283630371
88,1.0107220077770762e-05,9.715226951811928e-06,0.0,0.0010123197196916128,0.003857446391104703,0.0023041728418320417,0.9998707175254822,0.0016230267490944335,0.011351215981151663,-0.000304509827401489,0.0038454083260148764
89,1.0064622933391041e-05,9.538836820865981e-06,0.0,0.0010123197196916128,0.0038222676499127,0.002260190434753895,0.9998731017112732,0.0016082252373778338,0.011247696476381058,9.439731002203189e-06,0.0038222558796405792
90,1.005567385921798e-05,9.588079592504073e-06,0.0,0.0010123197196916128,0.0038321213946308098,0.002274923026561737,0.9998724460601807,0.0016123712162547199,0.01127669316547544,-0.00024791204486973584,0.003824093844741583
91,9.747695104225488e-06,9.546726687403861e-06,0.0,0.0010123197196916128,0.0038238480009248417,0.0022563517559319735,0.9998729825019836,0.001608890172598082,0.01125234654426546,-2.720710836001672e-05,0.003823751350864768
92,1.0075840742097676e-05,1.0575636224530172e-05,0.0,0.0010123197196916128,0.004024636912803001,0.002570602810010314,0.9998592734336853,0.0016933724289558924,0.011843205193062914,-0.0005077811074443161,0.0039924755692481995
93,1.0810534755970972e-05,9.873601811705157e-06,0.0,0.0010123197196916128,0.003888760656646671,0.0023508798331022263,0.999868631362915,0.001636202276489982,0.011443363800047276,6.846465839771554e-05,0.0038881576620042324
94,1.0952841572967978e-05,1.0449771252751816e-05,0.0,0.0010123197196916128,0.004000615902820226,0.0025807663332670927,0.999860942363739,0.0016832655505214407,0.01177251757350447,-0.00039808391011320055,0.003980760928243399
95,1.0041816949524218e-05,1.0223535355180502e-05,0.0,0.0010123197196916128,0.0039570715911505586,0.0024317079223692417,0.9998639822006226,0.0016649442116238352,0.011644382210455124,0.0004297519044484943,0.0039336662739515305
96,1.0360836919668751e-05,9.386899364471901e-06,0.0,0.0010123197196916128,0.003791704982349435,0.0023128611501306295,0.9998751282691956,0.001595365946035964,0.011157761270630319,0.00043481463217176497,0.0037666913121938705
97,1.0554472131237466e-05,9.266890629078262e-06,0.0,0.0010123197196916128,0.003767388723498708,0.0022145502734929323,0.9998767375946045,0.001585134841167302,0.011086205075102707,-0.00030750688165426254,0.0037548181135207415
98,9.982364038781574e-06,1.0234860383206978e-05,0.0,0.0010123197196916128,0.003959263201458301,0.0024168016389012337,0.9998638033866882,0.0016658663351720093,0.011650831011096784,-0.001185550936497748,0.003777596401050687
99,1.033312946674414e-05,9.87724070000695e-06,0.0,0.0010123197196916128,0.0038894782444008893,0.0024886620230972767,0.9998685717582703,0.001636504202687221,0.01144547688140343,0.000402948004193604,0.0038685493636876345
100,1.0432468520270453e-05,9.647014849178959e-06,0.0,0.0010123197196916128,0.0038438804852472504,0.00228063203394413,0.9998716711997986,0.0016173188724708941,0.011311296573315569,-0.0006885985494591296,0.0037816993426531553
101,9.986066389602558e-06,9.120984032051638e-06,0.0,0.0010123197196916128,0.003737611954482232,0.0022256216034293175,0.9998786449432373,0.0015726062178980861,0.010998583446397626,4.401037949719466e-05,0.0037373530212789774
102,9.569546616856112e-06,1.0006033335230313e-05,0.0,0.0010123197196916128,0.003914753498379233,0.0023642471060156822,0.9998669028282166,0.0016471388062922392,0.011519849325312527,-0.0012029609642922878,0.00372534291818738
103,1.1591998170640889e-05,1.1234430530748796e-05,0.0,0.0010123197196916128,0.004148096965473347,0.002697996562346816,0.9998505115509033,0.0017453184439130032,0.01220650696272265,-0.0018302913522347808,0.003722464432939887
104,1.0214702696329267e-05,1.1266188266745303e-05,0.0,0.0010123197196916128,0.004153957482153041,0.002695710863918066,0.9998500943183899,0.0017477842656951524,0.012223749592019915,-0.0015978984301909804,0.0038343293126672506
105,9.99093996748949e-06,9.01639123185305e-06,0.0,0.0010123197196916128,0.0037161206803561324,0.0022297098767012358,0.9998800158500671,0.0015635637298782353,0.010935339945368019,0.00022331197396852076,0.0037094049621373415
106,1.0313101130224015e-05,1.093285573006142e-05,0.0,0.0010123197196916128,0.004092043688754289,0.002817846368998289,0.999854564666748,0.0017217339379301815,0.012041563455304676,0.0017308994429185987,0.003707938827574253
107,9.871808187098293e-06,9.307076652476098e-06,0.0,0.0010123197196916128,0.0037755480794732566,0.0023459529038518667,0.9998762011528015,0.0015885679032657447,0.011110217298144836,0.0006136148585937917,0.0037253510672599077
108,9.43398971584328e-06,1.0557017958490178e-05,0.0,0.0010123197196916128,0.0040210921831062615,0.0025490426924079657,0.9998595714569092,0.0016918809782569572,0.011832772256648414,-0.0015933982795104384,0.0036919184494763613
109,1.0920478921939826e-05,1.0605939678498544e-05,0.0,0.0010123197196916128,0.004030398037112431,0.002557219471782446,0.9998589158058167,0.0016957964312390155,0.011860157103610398,-0.0015995624708011746,0.0036993930116295815
110,1.0490118559876768e-05,9.446853255212773e-06,0.0,0.0010123197196916128,0.0038037950173770065,0.002440751763060689,0.9998742938041687,0.0016004528476433297,0.01119333923073264,0.0009255664772354066,0.0036894690711051226
111,1.0077409519403267e-05,9.131043952947948e-06,0.0,0.0010123197196916128,0.0037396731701453186,0.002324537141248584,0.9998785257339478,0.0015734734776906153,0.011004647008893026,0.0006832479266449809,0.0036767274141311646
112,9.439297526922826e-06,8.94775348569965e-06,0.0,0.0010123197196916128,0.0037019491010650994,0.0021964849438518286,0.9998809695243835,0.0015576010151871643,0.010893638274063446,0.0002507503959350288,0.003693446982651949
113,9.478146340471641e-06,9.789356226974633e-06,0.0,0.0010123197196916128,0.003872135466292641,0.0025516923051327467,0.9998697638511658,0.0016292072010132106,0.011394441419696458,0.0012335876235738397,0.0036703809164464474
114,9.440908696787017e-06,9.324258826381993e-06,0.0,0.0010123197196916128,0.0037790319207561744,0.0022498469334095716,0.9998759627342224,0.0015900337350670144,0.01112046764027068,0.00024378499074373394,0.0037711604963988066
115,9.96423740515537e-06,1.0465715604368597e-05,0.0,0.0010123197196916128,0.004003666079691522,0.0025507088284939528,0.9998607635498047,0.0016845489173267446,0.011781492619833868,-0.001631077378988266,0.0036563542671501637
116,9.474874180644596e-06,8.69561336003244e-06,0.0,0.0010123197196916128,0.0036494175453825914,0.0021619691979140043,0.999884307384491,0.0015354982789726405,0.010739055381400544,0.00015033400268293917,0.003646319732069969
117,9.222397440882762e-06,9.014081115310546e-06,0.0,0.0010123197196916128,0.00371564486940962,0.0022954577580094337,0.9998800754547119,0.0015633635316601908,0.010933939339765632,0.0001419510372215882,0.0037129323463886976
118,9.353553549671131e-06,1.0054274753201753e-05,0.0,0.0010123197196916128,0.0039241787248627796,0.002439374104142189,0.999866247177124,0.0016511044854354013,0.011547587187899245,-0.0013310587964951992,0.003691539168357849
119,9.4136507868825e-06,8.791155778453685e-06,0.0,0.0010123197196916128,0.0036694109913056267,0.002170589519664645,0.9998830556869507,0.0015439105533763726,0.01079788869331712,0.00021216286404523998,0.0036632721312344074
120,9.259133346656907e-06,8.746919775148854e-06,0.0,0.0010123197196916128,0.003660167859918378,0.0022147272247821093,0.9998836517333984,0.0015400214910367136,0.010770689304867926,0.0003200500214006752,0.0036461481358855963
121,1.0128488106096887e-05,8.941909072746057e-06,0.0,0.0010123197196916128,0.0037007399125069365,0.002302904613316059,0.9998810291290283,0.0015570922471640693,0.010890080191630801,0.0005452154437080026,0.003660357091575861
122,9.378448844977862e-06,8.930526746553369e-06,0.0,0.0010123197196916128,0.0036983837964140857,0.0022139791399240494,0.9998812079429626,0.001556100907543255,0.01088314590499813,0.00020865624537691474,0.0036924933083355427
123,9.425198691638394e-06,9.01980820344761e-06,0.0,0.0010123197196916128,0.003716824739409235,0.0021831514313817024,0.9998800158500671,0.0015638599638528054,0.010937412927586272,-0.0003745506110135466,0.0036979045253247023
124,9.47913925604856e-06,9.133016646956094e-06,0.0,0.0010123197196916128,0.003740077349453274,0.0023515629582107067,0.999878466129303,0.0015736435367819756,0.011005837094021434,0.0008564406889490783,0.003640698967501521
125,9.755023812532374e-06,8.917957529774867e-06,0.0,0.0010123197196916128,0.0036957802195511894,0.002267831936478615,0.9998813271522522,0.001555005448406986,0.010875486969659114,0.0005792536539956927,0.003650103695690632
126,9.524636374812366e-06,8.586816875322256e-06,0.0,0.0010123197196916128,0.003626515718738259,0.002116394229233265,0.9998857378959656,0.001525862298720889,0.010671661619598222,4.545349656837061e-05,0.0036262311041355133
127,9.670222577066548e-06,9.391909770783968e-06,0.0,0.0010123197196916128,0.0037927170746651397,0.0023851131554692984,0.9998750686645508,0.0015957917854992757,0.011160737199507371,0.00023671792587265372,0.003785322420299053
128,1.0768963875307236e-05,9.759949534782209e-06,0.0,0.0010123197196916128,0.003866314944971597,0.002384198596701026,0.9998701214790344,0.0016267582073422905,0.011377314791476693,-0.0012738575460389256,0.003650435246527195
129,1.0443732814261844e-05,9.176264029520098e-06,0.0,0.0010123197196916128,0.0037489218796921,0.0022255827207118273,0.9998779296875,0.0015773648870498346,0.01103186644691117,-0.0010221685515716672,0.00360688054934144
130,9.304896795785882e-06,1.0631147233652882e-05,0.0,0.0010123197196916128,0.004035185478341511,0.002560637192800641,0.999858558177948,0.0016978107548061378,0.011874242641854023,-0.001510188914835453,0.003741931403055787
131,9.715867640301844e-06,9.9267181212781e-06,0.0,0.0010123197196916128,0.0038992069264468816,0.002440953627228737,0.9998679161071777,0.0016405975612444497,0.011474105517696368,-0.0015258972998708487,0.0035882380325347185
132,9.668281614317999e-06,9.852532457443886e-06,0.0,0.0010123197196916128,0.0038846100344999434,0.002630737377330661,0.9998689293861389,0.0016344558955720108,0.01143115218044447,0.0014840225921943784,0.0035899681970477104
133,9.916223916661693e-06,9.054030670085922e-06,0.0,0.0010123197196916128,0.003723868632841872,0.0021966323256492615,0.9998795390129089,0.0015668236932996499,0.01095814060160072,-0.0009198568295687437,0.003608470782637596
134,8.897490766281004e-06,9.471553312323522e-06,0.0,0.0010123197196916128,0.003808763896445785,0.0025046830996870995,0.9998739957809448,0.001602543511472188,0.011207961811001718,0.001303529948927462,0.0035787555389106274
135,9.15440114113153e-06,9.398842848895583e-06,0.0,0.0010123197196916128,0.0037941159315618552,0.002301289001479745,0.9998749494552612,0.0015963803567796855,0.011164855237758559,-0.0012632100842893124,0.003577655181288719
136,9.404792510597164e-06,9.181023415294476e-06,0.0,0.0010123197196916128,0.0037498934947662248,0.00224506389349699,0.9998778700828552,0.0015777736956489026,0.011034721362318487,-0.001066598342731595,0.003595005953684449
137,9.92214952728116e-06,9.24080904951552e-06,0.0,0.0010123197196916128,0.003762084174246619,0.0024309249129146338,0.9998770356178284,0.0015829029435710366,0.011070596485674893,0.0006059089791961014,0.0037129707634449005
138,1.0579056126718771e-05,1.0160996680497192e-05,0.0,0.0010123197196916128,0.003944951475926582,0.0026998387183994055,0.9998648166656494,0.0016598446537256406,0.011608716175460628,0.0014592913212254643,0.0036651205737143755
139,9.148617209575605e-06,8.646667083667126e-06,0.0,0.0010123197196916128,0.0036391323456625435,0.002223024843260646,0.9998849630355835,0.0015311707647124525,0.01070878769284592,-0.00017901312094181776,0.0036347266286611557
140,8.898788160473083e-06,8.400051228818484e-06,0.0,0.0010123197196916128,0.003586859500337217,0.002088862005621195,0.9998882412910461,0.001509176881295194,0.010554965967747095,-0.00026597350370138884,0.003576984629034996
141,8.840105692797806e-06,8.70522217155667e-06,0.0,0.0010123197196916128,0.003651433149438859,0.002263064729049802,0.9998841881752014,0.0015363463476085258,0.010744987905641733,0.0007277479162439704,0.003578176721930504
142,1.0623759003970514e-05,1.3712612599192653e-05,0.0,0.0010123197196916128,0.004582827525758127,0.003407103009521961,0.9998175501823425,0.0019282320236371647,0.013485776870157342,-0.0028558443300426006,0.0035841958597302437
143,1.1789757586989759e-05,8.63864624989219e-06,0.0,0.0010123197196916128,0.0036374436141790173,0.002260016743093729,0.999885082244873,0.0015304602282352323,0.010703821844250548,0.0006159688346087933,0.00358490995131433
144,1.138679312538847e-05,1.4399644896911923e-05,0.0,0.0010123197196916128,0.0046962300976307585,0.0036877039819955826,0.9998084306716919,0.0019759463374354894,0.01381948619210246,0.002995862625539303,0.0036165432538837194
145,1.597079042565181e-05,3.0242479624575935e-05,0.0,0.0010123197196916128,0.006805845694202362,0.006041389890015125,0.9995976686477661,0.002863570479520316,0.020027405583944728,-0.005796933546662331,0.003565823193639517
146,2.5888126755388737e-05,3.802288483711891e-05,0.0,0.0010123197196916128,0.007631257544982008,0.006593109108507633,0.9994941353797913,0.003210863838132943,0.022456323503438305,0.0060890428721904755,0.004599961452186108
147,2.2669545918082196e-05,2.5779238058021292e-05,0.0,0.0010123197196916128,0.006283597890521287,0.005302940495312214,0.9996570348739624,0.002643833879425283,0.018490597531231272,-0.004972475115209818,0.0038416259922087193
148,1.3361179602118986e-05,1.3106551705277525e-05,0.0,0.0010123197196916128,0.004480410454212528,0.003354273270815611,0.9998255968093872,0.0018851398767013722,0.013184400342368731,0.002510733436793089,0.00371083477512002
149,1.1274694669636017e-05,1.3974524335935712e-05,0.0,0.0010123197196916128,0.004626386657207667,0.0034436406567692757,0.9998140931129456,0.0019465595979808947,0.013613959492904927,-0.002899335930123925,0.0036051771603524685
150,1.1021614227502141e-05,8.49436764838174e-06,0.0,0.0010123197196916128,0.0036069403719948085,0.002077564364299178,0.9998869895935059,0.0015176259402168062,0.010614059924060023,-0.000315624987706542,0.003593104425817728
151,9.03885736786631e-06,8.735045412322506e-06,0.0,0.0010123197196916128,0.0036576822959681343,0.002123995218425989,0.999883770942688,0.0015389756860225122,0.010763375508537266,4.961169543094002e-05,0.0036573458928614855
152,9.10834847268739e-06,9.039944416144863e-06,0.0,0.0010123197196916128,0.0037209710143767906,0.0022922311909496784,0.9998797178268433,0.0015656045156881755,0.010949615238460636,0.0008694494608789682,0.0036179665476083755
153,9.595786499024447e-06,1.0628481504681986e-05,0.0,0.0010123197196916128,0.004034678992860329,0.002608691807836294,0.9998586177825928,0.0016975976502284875,0.011872754677415496,-0.0005353965680114925,0.003998997621238232
154,1.1578603132673177e-05,8.954687473305967e-06,0.0,0.0010123197196916128,0.0037033828573380303,0.002269138814881444,0.999880850315094,0.0015582042704360291,0.010897860140439555,0.0008172247326001525,0.003612089203670621
155,9.417045627439316e-06,1.0844521057151724e-05,0.0,0.0010123197196916128,0.00407547896041887,0.0027433044742792845,0.9998556971549988,0.001714764301944607,0.01199281579262614,0.001631625578738749,0.0037346119061112404
156,1.1526321233961628e-05,1.1449471458035987e-05,0.0,0.0005061598598458064,0.00418760987727463,0.003034164197742939,0.9998476505279541,0.001761943564857257,0.012322783005737888,0.002133761765435338,0.0036032123025506735
157,1.0473048860148992e-05,1.229301869898336e-05,0.0,0.0005061598598458064,0.004339130736089058,0.0032553751952946186,0.9998364448547363,0.0018256962089558703,0.0127686596411755,0.0024762433022260666,0.0035631833598017693
158,1.0224096664993946e-05,8.740194971323945e-06,0.0,0.0005061598598458064,0.003658760670606456,0.0023062166292220354,0.9998837113380432,0.0015394294138792563,0.010766547636767619,0.0005501445848494768,0.0036171635147184134
159,8.993824242982859e-06,8.749681001063436e-06,0.0,0.0005061598598458064,0.003660745043725924,0.002128780586645007,0.9998835921287537,0.0015402643420484481,0.010772388505836464,-0.0007929654675535858,0.0035738300066441298
160,8.92813260280592e-06,8.554990017728414e-06,0.0,0.0005061598598458064,0.0036197880494928483,0.0020893209148198366,0.999886155128479,0.0015230316211074446,0.010651866250539963,-0.0007439571199938655,0.0035425121895968914
161,8.665246999347195e-06,8.319610969920177e-06,0.0,0.0005061598598458064,0.0035696441144556393,0.0020245686173439026,0.9998893141746521,0.0015019334801046511,0.010504307867570008,-0.0004493827582336962,0.0035412446595728397
162,8.595163257672943e-06,8.29101827548584e-06,0.0,0.0005061598598458064,0.0035635051217820387,0.0020552503410726786,0.9998896718025208,0.001499350489101918,0.010486241057777679,-0.0004012919671367854,0.0035408379044383764
163,8.623690822181137e-06,8.258938578364905e-06,0.0,0.0005061598598458064,0.003556605076216145,0.002118534641340375,0.999890148639679,0.0014964472838754656,0.010465938004991357,0.00020375858002807945,0.0035507637076079845
164,8.60020782056381e-06,8.175065886462107e-06,0.0,0.0005061598598458064,0.003538499283526822,0.0020538191311061382,0.9998912215232849,0.0014888292425940378,0.010412658423674018,0.00015376707597170025,0.0035351566039025784
165,8.856743180432306e-06,8.269254067272414e-06,0.0,0.0005061598598458064,0.0035588246716665795,0.0020212687086313963,0.9998899698257446,0.0014973811822172624,0.01047246915207692,-0.00044821074698120356,0.0035304871853441
166,8.637494374852395e-06,8.425993655691855e-06,0.0,0.0005061598598458064,0.003592394312805849,0.002051739487797022,0.9998878836631775,0.001511505662508726,0.010571254094351118,-0.0006809176993556321,0.0035272720269858837
167,8.45261208976606e-06,8.318213986058254e-06,0.0,0.0005061598598458064,0.0035693447285627396,0.002061961917206645,0.9998893141746521,0.0015018075130105659,0.010503426402592228,-0.00043418712448328733,0.003542838152498007
168,8.571696323795348e-06,8.951607924245764e-06,0.0,0.0005061598598458064,0.00370274575545127,0.0021915314719080925,0.9998809099197388,0.0015579362087964701,0.010895982641518564,-0.0009748330921866,0.003572118002921343
169,8.503780665907672e-06,8.58294606587151e-06,0.0,0.0005061598598458064,0.003625698050417342,0.0021438070107251406,0.9998857975006104,0.001525518263464872,0.01066925495526815,-0.0005016405484639108,0.003590827574953437
170,8.61348078413155e-06,8.368189810425974e-06,0.0,0.0005061598598458064,0.0035800507044496483,0.0020363687071949244,0.9998886585235596,0.0015063120695170884,0.010534930719917466,-0.0002707670792005956,0.00356979644857347
171,8.49180802712605e-06,8.72828604769893e-06,0.0,0.0005061598598458064,0.0036562673094328382,0.0023432737216353416,0.9998838901519775,0.0015383803281708284,0.010759214506924044,0.000940839119721204,0.0035331447143107653
172,8.950685292398299e-06,8.400645128858741e-06,0.0,0.0005061598598458064,0.0035869857724672278,0.0020465536508709192,0.9998882412910461,0.0015092300104961975,0.01055533760082871,-0.00042736108298413455,0.003561436664313078
173,8.46158764034044e-06,8.426222848356701e-06,0.0,0.0005061598598458064,0.003592442668388166,0.002060490660369396,0.9998878836631775,0.0015115260081974566,0.010571396589501871,-0.000719915668014437,0.003519569057971239
174,8.567520227289708e-06,8.128175977617502e-06,0.0,0.0005061598598458064,0.003528336309283021,0.002029488096013665,0.9998918771743774,0.0014845531548987989,0.010382752343416533,0.00011795815953519195,0.0035263639874756336
175,8.573658204922038e-06,9.058079740498215e-06,0.0,0.0005061598598458064,0.003724701865452924,0.0024534615222364664,0.9998794794082642,0.0015671742772556767,0.010960593093516964,0.0011800465872511268,0.0035328310914337635
176,8.717371252310437e-06,8.12452708487399e-06,0.0,0.0005061598598458064,0.0035275439681842565,0.0019957402255386114,0.9998919367790222,0.0014842197761120795,0.010380420864970026,-0.00027664360823109746,0.0035166796296834946
177,8.71107906479867e-06,8.26993982627755e-06,0.0,0.0005061598598458064,0.00355897212696989,0.0020965239964425564,0.9998899698257446,0.0014974432242723693,0.010472904514145556,-0.00019689409236889333,0.0035535218194127083
178,8.491643459112513e-06,8.12559937912738e-06,0.0,0.0005061598598458064,0.0035277772935494865,0.0020622611045837402,0.9998918771743774,0.001484317948133312,0.010381106846650539,0.0003170776762999594,0.003513498930260539
179,8.482547804710015e-06,8.181035809684545e-06,0.0,0.0005061598598458064,0.003539790486989018,0.0020068571902811527,0.9998911619186401,0.0014893725185194013,0.010416458533046135,-0.0004696502583101392,0.0035084960982203484
180,8.512298488009643e-06,8.186169907276053e-06,0.0,0.0005061598598458064,0.0035409010411150263,0.002013219753280282,0.9998911023139954,0.0014898397859471446,0.010419725896729001,-0.0004393898998387158,0.0035135333891958
181,8.395674487676135e-06,8.393120879190974e-06,0.0,0.0005061598598458064,0.0035853796552094254,0.0022116568870842457,0.9998883605003357,0.0015085542340868073,0.010550611631004708,0.0006662951200269163,0.0035229246132075787
182,8.553443624097983e-06,8.06097796157701e-06,0.0,0.0005061598598458064,0.0035137209697091057,0.0019904847722500563,0.9998927712440491,0.0014784037273577542,0.010339741005625886,-0.0002829055883921683,0.0035023135133087635
183,8.397671788568712e-06,8.46038255986059e-06,0.0,0.0005061598598458064,0.0035997171997075098,0.0020639835856854916,0.9998874664306641,0.0015145867789046392,0.010592801652524426,-0.0007449911208823323,0.0035217825789004564
184,8.630718336159285e-06,8.255809916590806e-06,0.0,0.0005061598598458064,0.0035559304231269624,0.002132091671228409,0.999890148639679,0.0014961634225073264,0.010463953097665277,5.5170090490719303e-05,0.0035555025096982718
185,8.498361391199675e-06,8.30720364319859e-06,0.0,0.0005061598598458064,0.0035669809914106406,0.002040223916992545,0.9998894929885864,0.0015008129668168631,0.01049647063427854,-0.000665251340251416,0.0035043966490775347
186,8.39668604789444e-06,8.76713511388516e-06,0.0,0.0005061598598458064,0.0036643943760788665,0.002154245972633362,0.9998833537101746,0.0015417998044825651,0.010783126482121421,-0.0010726744076237082,0.003503877203911543
187,8.525843592603147e-06,7.996763997653034e-06,0.0,0.0005061598598458064,0.003499697717648365,0.002017176942899823,0.9998936057090759,0.0014725034215864645,0.01029847827667012,0.00010128937719855458,0.0034982317592948675
188,8.21610036736173e-06,8.054807949520182e-06,0.0,0.0005061598598458064,0.0035123756454197735,0.0020280093885958195,0.9998928308486938,0.001477837680007666,0.010335786228150437,-0.00013829127419739962,0.00350965210236609
189,8.464835496447955e-06,7.995966370799579e-06,0.0,0.0005061598598458064,0.003499523465061793,0.001986149698495865,0.9998936057090759,0.001472430104531493,0.010297963432381717,-0.0002058891550404951,0.003493461525067687
190,8.302138717731901e-06,8.040204193093814e-06,0.0,0.0005061598598458064,0.0035091907925917593,0.0020656499546021223,0.9998930096626282,0.0014764976480778078,0.010326413770722203,0.00028919143369421363,0.0034972543362528086
191,8.678175062313028e-06,8.205500307667535e-06,0.0,0.0005061598598458064,0.0035450792606084693,0.002013652352616191,0.9998908042907715,0.0014915977784929603,0.010432020578831743,-0.000609056034591049,0.003492368385195732
192,8.559835451807077e-06,8.175321454473305e-06,0.0,0.0005061598598458064,0.003538554030146041,0.0020826212130486965,0.9998912215232849,0.0014888522773217842,0.010412818104169587,0.00040663298568688333,0.0035151124466210604
193,8.538000201951945e-06,8.093439646472689e-06,0.0,0.0005061598598458064,0.003520789405490497,0.002083459636196494,0.9998922944068909,0.0014813777830371563,0.010360543149467863,0.0001884095254354179,0.0035157445818185806
194,8.398691534239333e-06,8.437027645413764e-06,0.0,0.0005061598598458064,0.0035947452609676454,0.002073208801448345,0.9998877644538879,0.0015124948277142694,0.010578171911695007,-0.0006346532027237117,0.0035382776986807585
195,8.693250240159816e-06,8.82702624949161e-06,0.0,0.0005061598598458064,0.0036768905539221798,0.0023825697135180235,0.9998825788497925,0.001547057591330338,0.010819898823688353,0.0009854414965957403,0.0035423762165009975
196,8.542857914209082e-06,8.650632480566856e-06,0.0,0.0005061598598458064,0.0036399662356795285,0.0021214995067566633,0.9998849034309387,0.0015315216252730789,0.01071124161687423,-0.0007981818052940071,0.0035513744223862886
197,8.771612556301989e-06,8.880932909960393e-06,0.0,0.0005061598598458064,0.003688100876406325,0.0023935853969305754,0.9998818635940552,0.0015517743524756642,0.010852888957284016,0.0008431751630268991,0.0035904240794479847
198,9.363108094678157e-06,7.993060535227414e-06,0.0,0.0005061598598458064,0.003498887194017295,0.00198023347184062,0.9998936653137207,0.001472162392470147,0.010296093810077102,-0.00018305967387277633,0.003494095057249069
199,9.651424786877922e-06,8.304438779305201e-06,0.0,0.0005061598598458064,0.0035663874852920963,0.002040059771388769,0.9998894929885864,0.001500563248166626,0.010494724889667795,-0.00022754576639272273,0.00355912116356194
200,9.208707019246907e-06,8.06248681328725e-06,0.0,0.0005061598598458064,0.0035140505881359925,0.0020781978964805603,0.9998927116394043,0.0014785424148389503,0.010340713409719976,0.0001913318264996633,0.003508838126435876
201,8.997810911953113e-06,8.259753485617694e-06,0.0,0.0005061598598458064,0.0035567793450599332,0.0020406516268849373,0.9998900890350342,0.0014965206077706865,0.010466449268999591,-0.0005594735848717391,0.0035125017166137695
202,8.852899807405063e-06,8.087160495051648e-06,0.0,0.0005061598598458064,0.003519423396074644,0.0021118069998919964,0.9998924136161804,0.0014808030323869446,0.01035652392694936,0.0005137433763593435,0.0034817249979823828
203,8.25935502588335e-06,8.011706086108461e-06,0.0,0.0005061598598458064,0.003502966107327231,0.002076089847832918,0.9998934268951416,0.0014738786017801533,0.010308094909205928,0.00023364574008155614,0.0034951656125485897
204,8.546270742550001e-06,8.388777132495306e-06,0.0,0.0005061598598458064,0.00358445187270535,0.002146306214854121,0.9998884201049805,0.001508163868111812,0.010547881309347296,0.0005868213484063745,0.003536090487614274
205,8.670276808212899e-06,8.022433576115873e-06,0.0,0.0005061598598458064,0.003505310481379762,0.002006088849157095,0.9998932480812073,0.001474865000918691,0.01031499482514897,-0.000263246736722067,0.003495411714538932
206,8.690351528962816e-06,7.987311619217508e-06,0.0,0.0005061598598458064,0.0034976289965117455,0.0019969604909420013,0.9998937249183655,0.0014716330038539217,0.010292389652213532,-0.0003731275792233646,0.003477669321000576
207,8.30707110960955e-06,8.048573363339528e-06,0.0,0.0005061598598458064,0.0035110162060518544,0.002071770140901208,0.9998928904533386,0.0014772656937156483,0.010331786339144852,-1.4555748748534825e-05,0.0035109862219542265
208,8.591537708626776e-06,8.494200301356614e-06,0.0,0.0005061598598458064,0.0036069048184863635,0.002141260076314211,0.9998869895935059,0.0015176109810211675,0.010613954663823035,-0.0006894355756230652,0.0035404011141508818
209,8.77697180435967e-06,8.660455932840705e-06,0.0,0.0005061598598458064,0.0036420326449289045,0.0023404776584357023,0.9998847842216492,0.00153239107027536,0.010717325944994615,0.0010569470468908548,0.0034852924291044474
210,8.873339841860192e-06,8.413701834797394e-06,0.0,0.0005061598598458064,0.003589772769878855,0.0020729938987642527,0.9998880624771118,0.0015104026441222042,0.010563539306641452,-0.00085019989637658,0.003487639594823122
211,8.917440583091877e-06,8.484465070068836e-06,0.0,0.0005061598598458064,0.0036048380782564273,0.0022916949819773436,0.9998871088027954,0.0015167413967582853,0.010607871767814718,0.0008571408689022064,0.003501452039927244
212,9.717971503656978e-06,7.922600161691662e-06,0.0,0.0005061598598458064,0.003483431700509435,0.0020251059904694557,0.9998946189880371,0.0014656594688153798,0.010250613511081431,-9.192046127282083e-05,0.0034822188317775726
213,1.002203063964973e-05,8.996125870908145e-06,0.0,0.0005061598598458064,0.0037119419131087864,0.002259823027998209,0.999880313873291,0.0015618055068640875,0.010923043115097173,-0.0013137345667928457,0.0034716876689344645
214,8.621570941613754e-06,8.791587788437027e-06,0.0,0.0005061598598458064,0.003669501830321242,0.002391879679635167,0.9998830556869507,0.0015439487740377263,0.01079815793038588,0.001176787307485938,0.0034756890963763
215,9.355783226460011e-06,8.066808732110076e-06,0.0,0.0005061598598458064,0.0035149921662677593,0.002086346736177802,0.9998926520347595,0.0014789385853463991,0.010343486694739425,0.0005088738398626447,0.0034779617562890053
216,9.26179078912052e-06,8.530012564733624e-06,0.0,0.0005061598598458064,0.003614500392251932,0.0021695701871067286,0.9998865127563477,0.001520806830851943,0.010636306352922457,-0.0005872796173207462,0.003566470928490162
217,8.413865089096362e-06,7.934385394037236e-06,0.0,0.0005061598598458064,0.00348602168000432,0.001962212845683098,0.9998944401741028,0.0014667492068372737,0.010258234495450649,-0.000378867844119668,0.003465372370555997
218,8.693785174626908e-06,8.2760698205675e-06,0.0,0.0005061598598458064,0.003560291030779603,0.002040641847997904,0.9998899102210999,0.0014979981551633296,0.010476785537849507,-0.0007354136323556304,0.003483509412035346
219,8.456568391718773e-06,8.248964149970561e-06,0.0,0.0005061598598458064,0.003554456379979457,0.0022119053173810244,0.9998902678489685,0.0014955432164914404,0.010459615230211671,0.0007351633976213634,0.0034775990061461926
220,9.458993695766872e-06,8.441300451522693e-06,0.0,0.0005061598598458064,0.0035956564756774133,0.002288518939167261,0.9998877048492432,0.0015128782227632667,0.010580852825486077,0.0008204220212064683,0.0035008075647056103
