sample_index,sample_rmse,sample_mae,sample_max_abs_error,sample_relative_l2,model_label,model_color,checkpoint_path,max_abs_rate,mean_abs_rate,turning_points,hold_fraction,positive_fraction,negative_fraction,net_change,total_variation,variation_ratio,strain_min,strain_max,strain_range,base_label,loading_class,loading_class_label
0,0.000653312832582742,0.0002591183874756098,0.013271331787109375,0.002111495705321431,best_gru,#2ca02c,/Users/jackhenry/Library/CloudStorage/OneDrive-UniversityofCambridge/Labs and Courswork/IIB Coursework/4C11/4C11_assignment_3/artifacts/checkpoints/optuna_gru_trial_0012.pt,0.5638152360916138,0.20780320465564728,2,0.085,0.252,0.565,-0.06815621256828308,0.20780321955680847,3.0489255744011525,-0.06972689926624298,9.660422801971436e-05,0.0698235034942627,cyclic_or_reversing,cyclic_or_reversing,Cyclic / reversing
1,0.0005227267974987626,0.0003067970392294228,0.00606989860534668,0.0016416781581938267,best_gru,#2ca02c,/Users/jackhenry/Library/CloudStorage/OneDrive-UniversityofCambridge/Labs and Courswork/IIB Coursework/4C11/4C11_assignment_3/artifacts/checkpoints/optuna_gru_trial_0012.pt,0.5405545234680176,0.20860211551189423,2,0.025,0.184,0.718,-0.0857379287481308,0.2086021453142166,2.4330205821111743,-0.08573794364929199,0.016302913427352905,0.1020408570766449,cyclic_or_reversing,cyclic_or_reversing,Cyclic / reversing
2,0.0012656470062211156,0.0005102906725369394,0.021498560905456543,0.004527220968157053,best_gru,#2ca02c,/Users/jackhenry/Library/CloudStorage/OneDrive-UniversityofCambridge/Labs and Courswork/IIB Coursework/4C11/4C11_assignment_3/artifacts/checkpoints/optuna_gru_trial_0012.pt,0.706225574016571,0.20561565458774567,3,0.029,0.366,0.518,-0.0005443543195724487,0.20561568439006805,377.7239871520454,-0.0005443692207336426,0.0704430639743805,0.07098743319511414,cyclic_or_reversing,cyclic_or_reversing,Cyclic / reversing
3,0.0005380245274864137,0.00032707626814953983,0.007262766361236572,0.0016665414441376925,best_gru,#2ca02c,/Users/jackhenry/Library/CloudStorage/OneDrive-UniversityofCambridge/Labs and Courswork/IIB Coursework/4C11/4C11_assignment_3/artifacts/checkpoints/optuna_gru_trial_0012.pt,0.6304978728294373,0.2093740999698639,2,0.009,0.749,0.216,0.07352741062641144,0.20937411487102509,2.847565460070332,-0.026634901762008667,0.1148158609867096,0.14145076274871826,cyclic_or_reversing,cyclic_or_reversing,Cyclic / reversing
4,0.0011417901841923594,0.0003832610382232815,0.015282869338989258,0.002469852101057768,best_gru,#2ca02c,/Users/jackhenry/Library/CloudStorage/OneDrive-UniversityofCambridge/Labs and Courswork/IIB Coursework/4C11/4C11_assignment_3/artifacts/checkpoints/optuna_gru_trial_0012.pt,0.694200336933136,0.2007628232240677,0,0.0,0.0,1.0,-0.20076283812522888,0.20076283812522888,0.999999999995019,-0.20076285302639008,-1.4901161193847656e-08,0.20076283812522888,monotonic,monotonic_fast,Monotonic fast
5,0.0008134441450238228,0.0003180945059284568,0.012746930122375488,0.002471674932166934,best_gru,#2ca02c,/Users/jackhenry/Library/CloudStorage/OneDrive-UniversityofCambridge/Labs and Courswork/IIB Coursework/4C11/4C11_assignment_3/artifacts/checkpoints/optuna_gru_trial_0012.pt,0.6410776972770691,0.19745376706123352,2,0.029,0.745,0.136,0.09251545369625092,0.19745378196239471,2.134278913105109,-1.4901161193847656e-08,0.11412984132766724,0.11412985622882843,cyclic_or_reversing,cyclic_or_reversing,Cyclic / reversing
6,0.0010420115431770682,0.0004551420279312879,0.016057372093200684,0.0029062051326036453,best_gru,#2ca02c,/Users/jackhenry/Library/CloudStorage/OneDrive-UniversityofCambridge/Labs and Courswork/IIB Coursework/4C11/4C11_assignment_3/artifacts/checkpoints/optuna_gru_trial_0012.pt,0.6744264960289001,0.19424116611480713,2,0.036,0.092,0.756,-0.13188768923282623,0.19424118101596832,1.472777195084481,-0.13188770413398743,-1.4901161193847656e-08,0.13188768923282623,cyclic_or_reversing,cyclic_or_reversing,Cyclic / reversing
7,0.0006435323157347739,0.0003569849650375545,0.008013248443603516,0.0022045366931706667,best_gru,#2ca02c,/Users/jackhenry/Library/CloudStorage/OneDrive-UniversityofCambridge/Labs and Courswork/IIB Coursework/4C11/4C11_assignment_3/artifacts/checkpoints/optuna_gru_trial_0012.pt,0.5442053079605103,0.2193910926580429,3,0.05,0.473,0.411,0.018435269594192505,0.2193911075592041,11.900618346065103,-0.07160413265228271,0.01843525469303131,0.09003938734531403,cyclic_or_reversing,cyclic_or_reversing,Cyclic / reversing
8,0.0003037871210835874,0.00022592979075852782,0.0027796030044555664,0.0010221240809187293,best_gru,#2ca02c,/Users/jackhenry/Library/CloudStorage/OneDrive-UniversityofCambridge/Labs and Courswork/IIB Coursework/4C11/4C11_assignment_3/artifacts/checkpoints/optuna_gru_trial_0012.pt,0.48431751132011414,0.21167029440402985,2,0.013,0.584,0.362,0.08588223159313202,0.21167032420635223,2.4646579423631882,-0.03106585144996643,0.08588221669197083,0.11694806814193726,cyclic_or_reversing,cyclic_or_reversing,Cyclic / reversing
9,0.0004300359287299216,0.00028256879886612296,0.0035719871520996094,0.0013192315818741918,best_gru,#2ca02c,/Users/jackhenry/Library/CloudStorage/OneDrive-UniversityofCambridge/Labs and Courswork/IIB Coursework/4C11/4C11_assignment_3/artifacts/checkpoints/optuna_gru_trial_0012.pt,0.42813268303871155,0.2157018780708313,1,0.001,0.288,0.707,-0.0649167150259018,0.2157018929719925,3.322748122461289,-0.14030931890010834,-1.4901161193847656e-08,0.14030930399894714,cyclic_or_reversing,cyclic_or_reversing,Cyclic / reversing
10,0.00040253199404105544,0.00031066793599165976,0.003686070442199707,0.0013061438221484423,best_gru,#2ca02c,/Users/jackhenry/Library/CloudStorage/OneDrive-UniversityofCambridge/Labs and Courswork/IIB Coursework/4C11/4C11_assignment_3/artifacts/checkpoints/optuna_gru_trial_0012.pt,0.4227757155895233,0.21528348326683044,3,0.012,0.667,0.283,0.06302739679813385,0.21528349816799164,3.415712993098743,-1.4901161193847656e-08,0.09550651907920837,0.09550653398036957,cyclic_or_reversing,cyclic_or_reversing,Cyclic / reversing
11,0.00040109484689310193,0.0002559076528996229,0.0048351287841796875,0.001054489752277732,best_gru,#2ca02c,/Users/jackhenry/Library/CloudStorage/OneDrive-UniversityofCambridge/Labs and Courswork/IIB Coursework/4C11/4C11_assignment_3/artifacts/checkpoints/optuna_gru_trial_0012.pt,0.5053877830505371,0.21861304342746735,2,0.018,0.126,0.812,-0.1456127017736435,0.21861304342746735,1.5013322379376102,-0.1456127166748047,-1.4901161193847656e-08,0.1456127017736435,cyclic_or_reversing,cyclic_or_reversing,Cyclic / reversing
12,0.0005656421417370439,0.00023931586474645883,0.00849848985671997,0.0017615760443732142,best_gru,#2ca02c,/Users/jackhenry/Library/CloudStorage/OneDrive-UniversityofCambridge/Labs and Courswork/IIB Coursework/4C11/4C11_assignment_3/artifacts/checkpoints/optuna_gru_trial_0012.pt,0.5419999361038208,0.21164001524448395,1,0.017,0.322,0.609,-0.05056248605251312,0.21164004504680634,4.185712799461952,-0.13110128045082092,-1.4901161193847656e-08,0.13110126554965973,cyclic_or_reversing,cyclic_or_reversing,Cyclic / reversing
13,0.001331457169726491,0.000454221066320315,0.020852088928222656,0.00420653261244297,best_gru,#2ca02c,/Users/jackhenry/Library/CloudStorage/OneDrive-UniversityofCambridge/Labs and Courswork/IIB Coursework/4C11/4C11_assignment_3/artifacts/checkpoints/optuna_gru_trial_0012.pt,0.6879120469093323,0.20400647819042206,1,0.076,0.569,0.267,0.07650463283061981,0.20400650799274445,2.6665902500538157,-0.06375095248222351,0.07650461792945862,0.14025557041168213,cyclic_or_reversing,cyclic_or_reversing,Cyclic / reversing
14,0.0005570888752117753,0.0003354462387505919,0.008316874504089355,0.0018134036799892783,best_gru,#2ca02c,/Users/jackhenry/Library/CloudStorage/OneDrive-UniversityofCambridge/Labs and Courswork/IIB Coursework/4C11/4C11_assignment_3/artifacts/checkpoints/optuna_gru_trial_0012.pt,0.661238968372345,0.20742353796958923,1,0.004,0.186,0.797,-0.09072728455066681,0.20742355287075043,2.286231246705374,-0.090727299451828,0.058348119258880615,0.14907541871070862,cyclic_or_reversing,cyclic_or_reversing,Cyclic / reversing
15,0.000989060616120696,0.00031945662340149283,0.014580368995666504,0.0025680449325591326,best_gru,#2ca02c,/Users/jackhenry/Library/CloudStorage/OneDrive-UniversityofCambridge/Labs and Courswork/IIB Coursework/4C11/4C11_assignment_3/artifacts/checkpoints/optuna_gru_trial_0012.pt,0.6678997874259949,0.19373033940792084,2,0.03,0.796,0.081,0.13536502420902252,0.19373036921024323,1.4311700554913305,-1.4901161193847656e-08,0.13536500930786133,0.13536502420902252,cyclic_or_reversing,cyclic_or_reversing,Cyclic / reversing
16,0.0004458258918020874,0.00025620823726058006,0.006832003593444824,0.0011230946984142065,best_gru,#2ca02c,/Users/jackhenry/Library/CloudStorage/OneDrive-UniversityofCambridge/Labs and Courswork/IIB Coursework/4C11/4C11_assignment_3/artifacts/checkpoints/optuna_gru_trial_0012.pt,0.560373067855835,0.21004925668239594,1,0.007,0.915,0.056,0.1618543416261673,0.21004925668239594,1.2977672058142622,-0.024097472429275513,0.1618543267250061,0.18595179915428162,mixed_complex,mixed_complex,Mixed / complex
17,0.002648080699145794,0.00048367894487455487,0.05659031867980957,0.007672170177102089,best_gru,#2ca02c,/Users/jackhenry/Library/CloudStorage/OneDrive-UniversityofCambridge/Labs and Courswork/IIB Coursework/4C11/4C11_assignment_3/artifacts/checkpoints/optuna_gru_trial_0012.pt,0.9201168417930603,0.2023504078388214,2,0.029,0.633,0.232,0.09878508746623993,0.2023504227399826,2.0483903788321087,-1.4901161193847656e-08,0.10436782240867615,0.10436783730983734,cyclic_or_reversing,cyclic_or_reversing,Cyclic / reversing
18,0.0006060713203623891,0.0003296584472991526,0.0103379487991333,0.002008651616051793,best_gru,#2ca02c,/Users/jackhenry/Library/CloudStorage/OneDrive-UniversityofCambridge/Labs and Courswork/IIB Coursework/4C11/4C11_assignment_3/artifacts/checkpoints/optuna_gru_trial_0012.pt,0.5482584238052368,0.20933890342712402,2,0.015,0.428,0.51,-0.0708245187997818,0.20933891832828522,2.9557407783753895,-0.08682352304458618,-1.4901161193847656e-08,0.08682350814342499,cyclic_or_reversing,cyclic_or_reversing,Cyclic / reversing
19,0.0005354316672310233,0.0002743176301009953,0.009151458740234375,0.0014642546884715557,best_gru,#2ca02c,/Users/jackhenry/Library/CloudStorage/OneDrive-UniversityofCambridge/Labs and Courswork/IIB Coursework/4C11/4C11_assignment_3/artifacts/checkpoints/optuna_gru_trial_0012.pt,0.5687475204467773,0.20617105066776276,1,0.022,0.774,0.136,0.13032202422618866,0.20617108047008514,1.5820125699603147,-0.037924543023109436,0.13032200932502747,0.1682465523481369,cyclic_or_reversing,cyclic_or_reversing,Cyclic / reversing
20,0.0018846720922738314,0.0005044087884016335,0.04401063919067383,0.00682869553565979,best_gru,#2ca02c,/Users/jackhenry/Library/CloudStorage/OneDrive-UniversityofCambridge/Labs and Courswork/IIB Coursework/4C11/4C11_assignment_3/artifacts/checkpoints/optuna_gru_trial_0012.pt,0.8682458996772766,0.1937498152256012,4,0.037,0.221,0.612,-0.031318724155426025,0.19374984502792358,6.18639009878599,-0.04667730629444122,0.03455863893032074,0.08123594522476196,cyclic_or_reversing,cyclic_or_reversing,Cyclic / reversing
21,0.0013789328513666987,0.0004935409524478018,0.026226520538330078,0.004861262161284685,best_gru,#2ca02c,/Users/jackhenry/Library/CloudStorage/OneDrive-UniversityofCambridge/Labs and Courswork/IIB Coursework/4C11/4C11_assignment_3/artifacts/checkpoints/optuna_gru_trial_0012.pt,0.7595121264457703,0.18202048540115356,1,0.048,0.592,0.217,0.031134411692619324,0.18202050030231476,5.846280382411015,-0.07544305920600891,0.03113439679145813,0.10657745599746704,cyclic_or_reversing,cyclic_or_reversing,Cyclic / reversing
22,0.004959404468536377,0.0010906531242653728,0.07507002353668213,0.012738844379782677,best_gru,#2ca02c,/Users/jackhenry/Library/CloudStorage/OneDrive-UniversityofCambridge/Labs and Courswork/IIB Coursework/4C11/4C11_assignment_3/artifacts/checkpoints/optuna_gru_trial_0012.pt,1.0570287704467773,0.19396546483039856,4,0.181,0.585,0.045,0.1329735368490219,0.19396547973155975,1.4586773002084572,-1.4901161193847656e-08,0.13297352194786072,0.1329735368490219,cyclic_or_reversing,cyclic_or_reversing,Cyclic / reversing
23,0.00033229225664399564,0.0002363510720897466,0.0037134885787963867,0.0011295913718640804,best_gru,#2ca02c,/Users/jackhenry/Library/CloudStorage/OneDrive-UniversityofCambridge/Labs and Courswork/IIB Coursework/4C11/4C11_assignment_3/artifacts/checkpoints/optuna_gru_trial_0012.pt,0.5555003881454468,0.21897177398204803,2,0.01,0.555,0.407,0.03526715934276581,0.21897177398204803,6.208942768756219,-1.4901161193847656e-08,0.09745627641677856,0.09745629131793976,cyclic_or_reversing,cyclic_or_reversing,Cyclic / reversing
24,0.0007397079025395215,0.0003213872842025012,0.010613799095153809,0.002174550201743841,best_gru,#2ca02c,/Users/jackhenry/Library/CloudStorage/OneDrive-UniversityofCambridge/Labs and Courswork/IIB Coursework/4C11/4C11_assignment_3/artifacts/checkpoints/optuna_gru_trial_0012.pt,0.5878210067749023,0.21140114963054657,2,0.057,0.147,0.731,-0.10237147659063339,0.21140119433403015,2.0650400030598712,-0.10237149149179459,-1.4901161193847656e-08,0.10237147659063339,cyclic_or_reversing,cyclic_or_reversing,Cyclic / reversing
25,0.0004506343975663185,0.0002860561653506011,0.003873884677886963,0.0012245235266163945,best_gru,#2ca02c,/Users/jackhenry/Library/CloudStorage/OneDrive-UniversityofCambridge/Labs and Courswork/IIB Coursework/4C11/4C11_assignment_3/artifacts/checkpoints/optuna_gru_trial_0012.pt,0.4619508683681488,0.21460361778736115,2,0.014,0.241,0.699,-0.1131410002708435,0.21460363268852234,1.8967804082772373,-0.13230746984481812,-1.4901161193847656e-08,0.13230745494365692,cyclic_or_reversing,cyclic_or_reversing,Cyclic / reversing
26,0.0004910925053991377,0.0003239143406972289,0.004724860191345215,0.0015895101241767406,best_gru,#2ca02c,/Users/jackhenry/Library/CloudStorage/OneDrive-UniversityofCambridge/Labs and Courswork/IIB Coursework/4C11/4C11_assignment_3/artifacts/checkpoints/optuna_gru_trial_0012.pt,0.48345324397087097,0.2032444179058075,1,0.016,0.308,0.625,-0.01613938808441162,0.2032444328069687,12.59306931163525,-0.10969192534685135,-1.4901161193847656e-08,0.10969191044569016,cyclic_or_reversing,cyclic_or_reversing,Cyclic / reversing
27,0.0019104612292721868,0.0004762470780406147,0.031134605407714844,0.005967687349766493,best_gru,#2ca02c,/Users/jackhenry/Library/CloudStorage/OneDrive-UniversityofCambridge/Labs and Courswork/IIB Coursework/4C11/4C11_assignment_3/artifacts/checkpoints/optuna_gru_trial_0012.pt,0.8117108941078186,0.20170684158802032,2,0.033,0.312,0.551,-0.0812375396490097,0.2017068713903427,2.4829268865027547,-0.0849495530128479,-1.4901161193847656e-08,0.0849495381116867,cyclic_or_reversing,cyclic_or_reversing,Cyclic / reversing
28,0.0015522603644058108,0.0004748351639136672,0.0286790132522583,0.004510773345828056,best_gru,#2ca02c,/Users/jackhenry/Library/CloudStorage/OneDrive-UniversityofCambridge/Labs and Courswork/IIB Coursework/4C11/4C11_assignment_3/artifacts/checkpoints/optuna_gru_trial_0012.pt,0.7430165410041809,0.2020135521888733,4,0.1,0.165,0.611,-0.08777198195457458,0.20201358199119568,2.301572523375899,-0.10397513210773468,-1.4901161193847656e-08,0.10397511720657349,cyclic_or_reversing,cyclic_or_reversing,Cyclic / reversing
29,0.0005252513801679015,0.00029585868469439447,0.008437514305114746,0.0017308697570115328,best_gru,#2ca02c,/Users/jackhenry/Library/CloudStorage/OneDrive-UniversityofCambridge/Labs and Courswork/IIB Coursework/4C11/4C11_assignment_3/artifacts/checkpoints/optuna_gru_trial_0012.pt,0.493913859128952,0.2119446098804474,2,0.008,0.636,0.33,0.09208811819553375,0.21194462478160858,2.3015414901765934,-0.029208078980445862,0.09208810329437256,0.12129618227481842,cyclic_or_reversing,cyclic_or_reversing,Cyclic / reversing
30,0.0010219395626336336,0.0004163435660302639,0.015585899353027344,0.0035895295441150665,best_gru,#2ca02c,/Users/jackhenry/Library/CloudStorage/OneDrive-UniversityofCambridge/Labs and Courswork/IIB Coursework/4C11/4C11_assignment_3/artifacts/checkpoints/optuna_gru_trial_0012.pt,0.8429139256477356,0.20877626538276672,3,0.041,0.322,0.517,-0.04870288074016571,0.20877628028392792,4.286733702539724,-0.048702895641326904,0.02436685562133789,0.0730697512626648,cyclic_or_reversing,cyclic_or_reversing,Cyclic / reversing
31,0.0007209320901893079,0.00029165655723772943,0.010824084281921387,0.0018061910523101687,best_gru,#2ca02c,/Users/jackhenry/Library/CloudStorage/OneDrive-UniversityofCambridge/Labs and Courswork/IIB Coursework/4C11/4C11_assignment_3/artifacts/checkpoints/optuna_gru_trial_0012.pt,0.5847960710525513,0.2101573795080185,2,0.013,0.063,0.881,-0.15886729955673218,0.2101573944091797,1.3228486604495266,-0.15886731445789337,-1.4901161193847656e-08,0.15886729955673218,mixed_complex,mixed_complex,Mixed / complex
32,0.0006451239460147917,0.00040995728340931237,0.005505561828613281,0.0018080591689795256,best_gru,#2ca02c,/Users/jackhenry/Library/CloudStorage/OneDrive-UniversityofCambridge/Labs and Courswork/IIB Coursework/4C11/4C11_assignment_3/artifacts/checkpoints/optuna_gru_trial_0012.pt,0.5778670310974121,0.19889459013938904,2,0.005,0.869,0.113,0.12972606718540192,0.19889460504055023,1.5331891990124145,-0.00046910345554351807,0.12972605228424072,0.13019515573978424,cyclic_or_reversing,cyclic_or_reversing,Cyclic / reversing
33,0.00039859823300503194,0.0002932493225671351,0.0030052661895751953,0.0013228073948994279,best_gru,#2ca02c,/Users/jackhenry/Library/CloudStorage/OneDrive-UniversityofCambridge/Labs and Courswork/IIB Coursework/4C11/4C11_assignment_3/artifacts/checkpoints/optuna_gru_trial_0012.pt,0.35512444376945496,0.22021682560443878,1,0.003,0.508,0.479,-0.01733669638633728,0.22021685540676117,12.702354040623769,-0.11877679079771042,-1.4901161193847656e-08,0.11877677589654922,cyclic_or_reversing,cyclic_or_reversing,Cyclic / reversing
34,0.002552331890910864,0.0005575201939791441,0.03563368320465088,0.008812131360173225,best_gru,#2ca02c,/Users/jackhenry/Library/CloudStorage/OneDrive-UniversityofCambridge/Labs and Courswork/IIB Coursework/4C11/4C11_assignment_3/artifacts/checkpoints/optuna_gru_trial_0012.pt,1.2155473232269287,0.19376900792121887,2,0.049,0.517,0.267,0.04936714470386505,0.19376902282238007,3.9250603611126906,-0.055764228105545044,0.06580385565757751,0.12156808376312256,cyclic_or_reversing,cyclic_or_reversing,Cyclic / reversing
35,0.0004666667664423585,0.00034176616463810205,0.004912257194519043,0.0014651741366833448,best_gru,#2ca02c,/Users/jackhenry/Library/CloudStorage/OneDrive-UniversityofCambridge/Labs and Courswork/IIB Coursework/4C11/4C11_assignment_3/artifacts/checkpoints/optuna_gru_trial_0012.pt,0.582769513130188,0.21696099638938904,2,0.01,0.259,0.703,-0.06831006705760956,0.21696101129055023,3.1761206017320873,-0.11110587418079376,0.03152966499328613,0.1426355391740799,cyclic_or_reversing,cyclic_or_reversing,Cyclic / reversing
36,0.000757291738409549,0.00043822370935231447,0.010715603828430176,0.002638651058077812,best_gru,#2ca02c,/Users/jackhenry/Library/CloudStorage/OneDrive-UniversityofCambridge/Labs and Courswork/IIB Coursework/4C11/4C11_assignment_3/artifacts/checkpoints/optuna_gru_trial_0012.pt,0.5756914615631104,0.21608658134937286,1,0.005,0.417,0.565,0.0005586147308349609,0.21608659625053406,386.8258102336897,-1.4901161193847656e-08,0.10832259058952332,0.10832260549068451,cyclic_or_reversing,cyclic_or_reversing,Cyclic / reversing
37,0.0005790608120150864,0.00027804815908893943,0.008839607238769531,0.002104199258610606,best_gru,#2ca02c,/Users/jackhenry/Library/CloudStorage/OneDrive-UniversityofCambridge/Labs and Courswork/IIB Coursework/4C11/4C11_assignment_3/artifacts/checkpoints/optuna_gru_trial_0012.pt,0.5933642387390137,0.2172217220067978,3,0.018,0.44,0.487,-0.021128714084625244,0.21722173690795898,10.280878241224539,-0.05122348666191101,0.045117199420928955,0.09634068608283997,cyclic_or_reversing,cyclic_or_reversing,Cyclic / reversing
38,0.00037661902024410665,0.00028593456954695284,0.0030966997146606445,0.0007522787782363594,best_gru,#2ca02c,/Users/jackhenry/Library/CloudStorage/OneDrive-UniversityofCambridge/Labs and Courswork/IIB Coursework/4C11/4C11_assignment_3/artifacts/checkpoints/optuna_gru_trial_0012.pt,0.35943087935447693,0.21785899996757507,0,0.0,0.0,1.0,-0.21785901486873627,0.21785901486873627,0.9999999999954099,-0.21785902976989746,-1.4901161193847656e-08,0.21785901486873627,monotonic,monotonic_slow,Monotonic slow
39,0.00039507178007625043,0.00024331164604518563,0.003980875015258789,0.001419693580828607,best_gru,#2ca02c,/Users/jackhenry/Library/CloudStorage/OneDrive-UniversityofCambridge/Labs and Courswork/IIB Coursework/4C11/4C11_assignment_3/artifacts/checkpoints/optuna_gru_trial_0012.pt,0.44408437609672546,0.21832850575447083,1,0.002,0.518,0.474,0.024766460061073303,0.2183285355567932,8.815492202340847,-0.09678105264902115,0.02476644515991211,0.12154749780893326,cyclic_or_reversing,cyclic_or_reversing,Cyclic / reversing
40,0.0006358648533932865,0.0003160315682180226,0.009324431419372559,0.0021055906545370817,best_gru,#2ca02c,/Users/jackhenry/Library/CloudStorage/OneDrive-UniversityofCambridge/Labs and Courswork/IIB Coursework/4C11/4C11_assignment_3/artifacts/checkpoints/optuna_gru_trial_0012.pt,0.5302578210830688,0.21005967259407043,2,0.011,0.394,0.544,-0.0778818428516388,0.21005970239639282,2.6971588588863953,-0.07788185775279999,0.0011636912822723389,0.07904554903507233,cyclic_or_reversing,cyclic_or_reversing,Cyclic / reversing
41,0.0004922637017443776,0.0003279646625742316,0.005062699317932129,0.0016143438406288624,best_gru,#2ca02c,/Users/jackhenry/Library/CloudStorage/OneDrive-UniversityofCambridge/Labs and Courswork/IIB Coursework/4C11/4C11_assignment_3/artifacts/checkpoints/optuna_gru_trial_0012.pt,0.5094707012176514,0.2175646722316742,3,0.019,0.31,0.614,-0.06163415312767029,0.2175646722316742,3.5299369130208733,-0.08926741778850555,-1.4901161193847656e-08,0.08926740288734436,cyclic_or_reversing,cyclic_or_reversing,Cyclic / reversing
42,0.000924504769500345,0.00031997644691728055,0.016045689582824707,0.0026853408198803663,best_gru,#2ca02c,/Users/jackhenry/Library/CloudStorage/OneDrive-UniversityofCambridge/Labs and Courswork/IIB Coursework/4C11/4C11_assignment_3/artifacts/checkpoints/optuna_gru_trial_0012.pt,0.6746649146080017,0.21143493056297302,2,0.017,0.179,0.756,-0.12296804040670395,0.2114349603652954,1.719430184170431,-0.12296805530786514,-1.4901161193847656e-08,0.12296804040670395,cyclic_or_reversing,cyclic_or_reversing,Cyclic / reversing
43,0.0004853066639043391,0.00024423576542176306,0.00773012638092041,0.001755664823576808,best_gru,#2ca02c,/Users/jackhenry/Library/CloudStorage/OneDrive-UniversityofCambridge/Labs and Courswork/IIB Coursework/4C11/4C11_assignment_3/artifacts/checkpoints/optuna_gru_trial_0012.pt,0.6511955857276917,0.2140415906906128,2,0.011,0.553,0.398,0.0352122038602829,0.21404163539409637,6.078620816728912,-0.06095297634601593,0.035212188959121704,0.09616516530513763,cyclic_or_reversing,cyclic_or_reversing,Cyclic / reversing
44,0.00032460535294376314,0.00024195623700506985,0.001855611801147461,0.0006550002726726234,best_gru,#2ca02c,/Users/jackhenry/Library/CloudStorage/OneDrive-UniversityofCambridge/Labs and Courswork/IIB Coursework/4C11/4C11_assignment_3/artifacts/checkpoints/optuna_gru_trial_0012.pt,0.4785209596157074,0.21557195484638214,0,0.0,1.0,0.0,0.21557198464870453,0.21557198464870453,0.9999999999953612,-1.4901161193847656e-08,0.21557196974754333,0.21557198464870453,monotonic,monotonic_slow,Monotonic slow
45,0.0014371788129210472,0.00042169223888777196,0.023690342903137207,0.004708845634013414,best_gru,#2ca02c,/Users/jackhenry/Library/CloudStorage/OneDrive-UniversityofCambridge/Labs and Courswork/IIB Coursework/4C11/4C11_assignment_3/artifacts/checkpoints/optuna_gru_trial_0012.pt,0.7351636290550232,0.21279758214950562,3,0.04,0.371,0.533,-0.02140970528125763,0.2127975970506668,9.939305293801203,-0.09670613706111908,-1.4901161193847656e-08,0.09670612215995789,cyclic_or_reversing,cyclic_or_reversing,Cyclic / reversing
46,0.0010910788550972939,0.00039515268872492015,0.020082294940948486,0.0039044637233018875,best_gru,#2ca02c,/Users/jackhenry/Library/CloudStorage/OneDrive-UniversityofCambridge/Labs and Courswork/IIB Coursework/4C11/4C11_assignment_3/artifacts/checkpoints/optuna_gru_trial_0012.pt,0.7849782109260559,0.20447100698947906,2,0.032,0.393,0.473,-0.02922159433364868,0.20447102189064026,6.997257560590885,-0.055901482701301575,0.031723231077194214,0.08762471377849579,cyclic_or_reversing,cyclic_or_reversing,Cyclic / reversing
47,0.00143571721855551,0.00041407227399758995,0.02756190299987793,0.0040004439651966095,best_gru,#2ca02c,/Users/jackhenry/Library/CloudStorage/OneDrive-UniversityofCambridge/Labs and Courswork/IIB Coursework/4C11/4C11_assignment_3/artifacts/checkpoints/optuna_gru_trial_0012.pt,0.7711648344993591,0.20869967341423035,2,0.028,0.738,0.141,0.13035182654857635,0.20869968831539154,1.6010492053674241,-1.4901161193847656e-08,0.13035181164741516,0.13035182654857635,cyclic_or_reversing,cyclic_or_reversing,Cyclic / reversing
48,0.0024729648139327765,0.000546164985280484,0.04684138298034668,0.008843770250678062,best_gru,#2ca02c,/Users/jackhenry/Library/CloudStorage/OneDrive-UniversityofCambridge/Labs and Courswork/IIB Coursework/4C11/4C11_assignment_3/artifacts/checkpoints/optuna_gru_trial_0012.pt,0.8793472647666931,0.21079780161380768,1,0.006,0.436,0.541,-0.019285142421722412,0.21079781651496887,10.930581267919479,-0.019285157322883606,0.09575632214546204,0.11504147946834564,cyclic_or_reversing,cyclic_or_reversing,Cyclic / reversing
49,0.0009611340356059372,0.0004339817096479237,0.013830125331878662,0.0019136399496346712,best_gru,#2ca02c,/Users/jackhenry/Library/CloudStorage/OneDrive-UniversityofCambridge/Labs and Courswork/IIB Coursework/4C11/4C11_assignment_3/artifacts/checkpoints/optuna_gru_trial_0012.pt,0.6204545497894287,0.20917688310146332,0,0.009,0.0,0.964,-0.2091768980026245,0.2091768980026245,0.9999999999952194,-0.2091769129037857,-1.4901161193847656e-08,0.2091768980026245,monotonic,monotonic_fast,Monotonic fast
50,0.001415448379702866,0.00045504176523536444,0.02656877040863037,0.004360756371170282,best_gru,#2ca02c,/Users/jackhenry/Library/CloudStorage/OneDrive-UniversityofCambridge/Labs and Courswork/IIB Coursework/4C11/4C11_assignment_3/artifacts/checkpoints/optuna_gru_trial_0012.pt,1.171693205833435,0.19872088730335236,2,0.043,0.627,0.235,0.05374409258365631,0.19872088730335236,3.697539166566676,-0.015023961663246155,0.11120852828025818,0.12623248994350433,cyclic_or_reversing,cyclic_or_reversing,Cyclic / reversing
51,0.0005636831629090011,0.0003269519947934896,0.007248282432556152,0.0017105458537116647,best_gru,#2ca02c,/Users/jackhenry/Library/CloudStorage/OneDrive-UniversityofCambridge/Labs and Courswork/IIB Coursework/4C11/4C11_assignment_3/artifacts/checkpoints/optuna_gru_trial_0012.pt,0.5115270614624023,0.21203824877738953,1,0.007,0.625,0.345,0.05395983159542084,0.21203826367855072,3.9295575505950104,-1.4901161193847656e-08,0.13299903273582458,0.13299904763698578,cyclic_or_reversing,cyclic_or_reversing,Cyclic / reversing
52,0.000954358431044966,0.00041405504452995956,0.01586836576461792,0.003406268311664462,best_gru,#2ca02c,/Users/jackhenry/Library/CloudStorage/OneDrive-UniversityofCambridge/Labs and Courswork/IIB Coursework/4C11/4C11_assignment_3/artifacts/checkpoints/optuna_gru_trial_0012.pt,0.7846652865409851,0.19603313505649567,3,0.033,0.239,0.621,-0.05336114764213562,0.19603314995765686,3.6737056569448536,-0.053361162543296814,0.04054462909698486,0.09390579164028168,cyclic_or_reversing,cyclic_or_reversing,Cyclic / reversing
53,0.0020483597181737423,0.0006882086163386703,0.03439497947692871,0.006305472459644079,best_gru,#2ca02c,/Users/jackhenry/Library/CloudStorage/OneDrive-UniversityofCambridge/Labs and Courswork/IIB Coursework/4C11/4C11_assignment_3/artifacts/checkpoints/optuna_gru_trial_0012.pt,1.0564327239990234,0.20235992968082428,2,0.022,0.777,0.134,0.09975863993167877,0.20235992968082428,2.0284952743680655,-0.025797411799430847,0.09975862503051758,0.12555603682994843,cyclic_or_reversing,cyclic_or_reversing,Cyclic / reversing
54,0.002073280280455947,0.0006088170339353383,0.0346074104309082,0.005006852559745312,best_gru,#2ca02c,/Users/jackhenry/Library/CloudStorage/OneDrive-UniversityofCambridge/Labs and Courswork/IIB Coursework/4C11/4C11_assignment_3/artifacts/checkpoints/optuna_gru_trial_0012.pt,0.813037097454071,0.19744448363780975,2,0.071,0.819,0.033,0.16056574881076813,0.19744451344013214,1.2296801459917652,-1.4901161193847656e-08,0.16056573390960693,0.16056574881076813,mixed_complex,mixed_complex,Mixed / complex
55,0.0009016006952151656,0.00040904671186581254,0.01620650291442871,0.002924540778622031,best_gru,#2ca02c,/Users/jackhenry/Library/CloudStorage/OneDrive-UniversityofCambridge/Labs and Courswork/IIB Coursework/4C11/4C11_assignment_3/artifacts/checkpoints/optuna_gru_trial_0012.pt,0.6237626075744629,0.21152840554714203,1,0.018,0.496,0.429,0.03458884358406067,0.21152842044830322,6.115510046703754,-1.4901161193847656e-08,0.12305861711502075,0.12305863201618195,cyclic_or_reversing,cyclic_or_reversing,Cyclic / reversing
56,0.0010008913232013583,0.0004342537431512028,0.009977996349334717,0.002358693163841963,best_gru,#2ca02c,/Users/jackhenry/Library/CloudStorage/OneDrive-UniversityofCambridge/Labs and Courswork/IIB Coursework/4C11/4C11_assignment_3/artifacts/checkpoints/optuna_gru_trial_0012.pt,0.6823986172676086,0.21416021883487701,2,0.014,0.067,0.887,-0.16101676225662231,0.21416021883487701,1.3300492186784048,-0.1610167771577835,-1.4901161193847656e-08,0.16101676225662231,mixed_complex,mixed_complex,Mixed / complex
57,0.0009261092636734247,0.0002983595768455416,0.01645749807357788,0.0026168194599449635,best_gru,#2ca02c,/Users/jackhenry/Library/CloudStorage/OneDrive-UniversityofCambridge/Labs and Courswork/IIB Coursework/4C11/4C11_assignment_3/artifacts/checkpoints/optuna_gru_trial_0012.pt,0.6594210267066956,0.21190403401851654,2,0.027,0.201,0.692,-0.11811051517724991,0.21190404891967773,1.7941167100988136,-0.1181105300784111,0.007326096296310425,0.12543663382530212,cyclic_or_reversing,cyclic_or_reversing,Cyclic / reversing
58,0.0004380534228403121,0.00028634644695557654,0.003682732582092285,0.0012919781729578972,best_gru,#2ca02c,/Users/jackhenry/Library/CloudStorage/OneDrive-UniversityofCambridge/Labs and Courswork/IIB Coursework/4C11/4C11_assignment_3/artifacts/checkpoints/optuna_gru_trial_0012.pt,0.4303008019924164,0.21980197727680206,1,0.002,0.29,0.701,-0.06907343864440918,0.21980199217796326,3.182149267337394,-0.1444377303123474,-1.4901161193847656e-08,0.14443771541118622,cyclic_or_reversing,cyclic_or_reversing,Cyclic / reversing
59,0.0009954352863132954,0.00027765901177190244,0.019617557525634766,0.003667333861812949,best_gru,#2ca02c,/Users/jackhenry/Library/CloudStorage/OneDrive-UniversityofCambridge/Labs and Courswork/IIB Coursework/4C11/4C11_assignment_3/artifacts/checkpoints/optuna_gru_trial_0012.pt,0.6531625390052795,0.21215158700942993,3,0.024,0.517,0.387,0.00013937056064605713,0.21215160191059113,1522.2124342826958,-0.04411490261554718,0.028043851256370544,0.07215875387191772,cyclic_or_reversing,cyclic_or_reversing,Cyclic / reversing
0,0.26275137066841125,0.2126132845878601,0.6881667375564575,0.8492078185081482,paper_h0_no_rate,#1f77b4,artifacts/checkpoints/08_paper_rno_h0_no_rate.pt,0.5638152360916138,0.20780320465564728,2,0.085,0.252,0.565,-0.06815621256828308,0.20780321955680847,3.0489255744011525,-0.06972689926624298,9.660422801971436e-05,0.0698235034942627,cyclic_or_reversing,cyclic_or_reversing,Cyclic / reversing
1,0.2516237199306488,0.19257280230522156,0.5751013159751892,0.7902505993843079,paper_h0_no_rate,#1f77b4,artifacts/checkpoints/08_paper_rno_h0_no_rate.pt,0.5405545234680176,0.20860211551189423,2,0.025,0.184,0.718,-0.0857379287481308,0.2086021453142166,2.4330205821111743,-0.08573794364929199,0.016302913427352905,0.1020408570766449,cyclic_or_reversing,cyclic_or_reversing,Cyclic / reversing
2,0.27776989340782166,0.24248851835727692,0.6699510216712952,0.9935832023620605,paper_h0_no_rate,#1f77b4,artifacts/checkpoints/08_paper_rno_h0_no_rate.pt,0.706225574016571,0.20561565458774567,3,0.029,0.366,0.518,-0.0005443543195724487,0.20561568439006805,377.7239871520454,-0.0005443692207336426,0.0704430639743805,0.07098743319511414,cyclic_or_reversing,cyclic_or_reversing,Cyclic / reversing
3,0.25564712285995483,0.1883588582277298,0.6878557205200195,0.7918719053268433,paper_h0_no_rate,#1f77b4,artifacts/checkpoints/08_paper_rno_h0_no_rate.pt,0.6304978728294373,0.2093740999698639,2,0.009,0.749,0.216,0.07352741062641144,0.20937411487102509,2.847565460070332,-0.026634901762008667,0.1148158609867096,0.14145076274871826,cyclic_or_reversing,cyclic_or_reversing,Cyclic / reversing
4,0.16910965740680695,0.12148917466402054,0.7202252149581909,0.3658078610897064,paper_h0_no_rate,#1f77b4,artifacts/checkpoints/08_paper_rno_h0_no_rate.pt,0.694200336933136,0.2007628232240677,0,0.0,0.0,1.0,-0.20076283812522888,0.20076283812522888,0.999999999995019,-0.20076285302639008,-1.4901161193847656e-08,0.20076283812522888,monotonic,monotonic_fast,Monotonic fast
5,0.24480459094047546,0.16393721103668213,0.7893087863922119,0.7438461780548096,paper_h0_no_rate,#1f77b4,artifacts/checkpoints/08_paper_rno_h0_no_rate.pt,0.6410776972770691,0.19745376706123352,2,0.029,0.745,0.136,0.09251545369625092,0.19745378196239471,2.134278913105109,-1.4901161193847656e-08,0.11412984132766724,0.11412985622882843,cyclic_or_reversing,cyclic_or_reversing,Cyclic / reversing
6,0.22603550553321838,0.1612858921289444,0.6449429988861084,0.6304205656051636,paper_h0_no_rate,#1f77b4,artifacts/checkpoints/08_paper_rno_h0_no_rate.pt,0.6744264960289001,0.19424116611480713,2,0.036,0.092,0.756,-0.13188768923282623,0.19424118101596832,1.472777195084481,-0.13188770413398743,-1.4901161193847656e-08,0.13188768923282623,cyclic_or_reversing,cyclic_or_reversing,Cyclic / reversing
7,0.27842792868614197,0.23866134881973267,0.6335622072219849,0.9538053870201111,paper_h0_no_rate,#1f77b4,artifacts/checkpoints/08_paper_rno_h0_no_rate.pt,0.5442053079605103,0.2193910926580429,3,0.05,0.473,0.411,0.018435269594192505,0.2193911075592041,11.900618346065103,-0.07160413265228271,0.01843525469303131,0.09003938734531403,cyclic_or_reversing,cyclic_or_reversing,Cyclic / reversing
8,0.2328053116798401,0.2133496105670929,0.42623960971832275,0.7832981944084167,paper_h0_no_rate,#1f77b4,artifacts/checkpoints/08_paper_rno_h0_no_rate.pt,0.48431751132011414,0.21167029440402985,2,0.013,0.584,0.362,0.08588223159313202,0.21167032420635223,2.4646579423631882,-0.03106585144996643,0.08588221669197083,0.11694806814193726,cyclic_or_reversing,cyclic_or_reversing,Cyclic / reversing
9,0.2481563687324524,0.2108740508556366,0.5603835582733154,0.7612752318382263,paper_h0_no_rate,#1f77b4,artifacts/checkpoints/08_paper_rno_h0_no_rate.pt,0.42813268303871155,0.2157018780708313,1,0.001,0.288,0.707,-0.0649167150259018,0.2157018929719925,3.322748122461289,-0.14030931890010834,-1.4901161193847656e-08,0.14030930399894714,cyclic_or_reversing,cyclic_or_reversing,Cyclic / reversing
10,0.2551009953022003,0.20784814655780792,0.5617451071739197,0.8277568817138672,paper_h0_no_rate,#1f77b4,artifacts/checkpoints/08_paper_rno_h0_no_rate.pt,0.4227757155895233,0.21528348326683044,3,0.012,0.667,0.283,0.06302739679813385,0.21528349816799164,3.415712993098743,-1.4901161193847656e-08,0.09550651907920837,0.09550653398036957,cyclic_or_reversing,cyclic_or_reversing,Cyclic / reversing
11,0.22160501778125763,0.18068665266036987,0.5386298894882202,0.5826058983802795,paper_h0_no_rate,#1f77b4,artifacts/checkpoints/08_paper_rno_h0_no_rate.pt,0.5053877830505371,0.21861304342746735,2,0.018,0.126,0.812,-0.1456127017736435,0.21861304342746735,1.5013322379376102,-0.1456127166748047,-1.4901161193847656e-08,0.1456127017736435,cyclic_or_reversing,cyclic_or_reversing,Cyclic / reversing
12,0.2598564326763153,0.2209109365940094,0.5030486583709717,0.8092694282531738,paper_h0_no_rate,#1f77b4,artifacts/checkpoints/08_paper_rno_h0_no_rate.pt,0.5419999361038208,0.21164001524448395,1,0.017,0.322,0.609,-0.05056248605251312,0.21164004504680634,4.185712799461952,-0.13110128045082092,-1.4901161193847656e-08,0.13110126554965973,cyclic_or_reversing,cyclic_or_reversing,Cyclic / reversing
13,0.25780487060546875,0.20592834055423737,0.7728890180587769,0.8144943714141846,paper_h0_no_rate,#1f77b4,artifacts/checkpoints/08_paper_rno_h0_no_rate.pt,0.6879120469093323,0.20400647819042206,1,0.076,0.569,0.267,0.07650463283061981,0.20400650799274445,2.6665902500538157,-0.06375095248222351,0.07650461792945862,0.14025557041168213,cyclic_or_reversing,cyclic_or_reversing,Cyclic / reversing
14,0.2343972623348236,0.18802392482757568,0.6736637353897095,0.7629964351654053,paper_h0_no_rate,#1f77b4,artifacts/checkpoints/08_paper_rno_h0_no_rate.pt,0.661238968372345,0.20742353796958923,1,0.004,0.186,0.797,-0.09072728455066681,0.20742355287075043,2.286231246705374,-0.090727299451828,0.058348119258880615,0.14907541871070862,cyclic_or_reversing,cyclic_or_reversing,Cyclic / reversing
15,0.21908508241176605,0.15470390021800995,0.6737852692604065,0.5688431859016418,paper_h0_no_rate,#1f77b4,artifacts/checkpoints/08_paper_rno_h0_no_rate.pt,0.6678997874259949,0.19373033940792084,2,0.03,0.796,0.081,0.13536502420902252,0.19373036921024323,1.4311700554913305,-1.4901161193847656e-08,0.13536500930786133,0.13536502420902252,cyclic_or_reversing,cyclic_or_reversing,Cyclic / reversing
16,0.18218041956424713,0.14981940388679504,0.5724369883537292,0.4589367210865021,paper_h0_no_rate,#1f77b4,artifacts/checkpoints/08_paper_rno_h0_no_rate.pt,0.560373067855835,0.21004925668239594,1,0.007,0.915,0.056,0.1618543416261673,0.21004925668239594,1.2977672058142622,-0.024097472429275513,0.1618543267250061,0.18595179915428162,mixed_complex,mixed_complex,Mixed / complex
17,0.24201694130897522,0.192734494805336,0.8723893165588379,0.7011852860450745,paper_h0_no_rate,#1f77b4,artifacts/checkpoints/08_paper_rno_h0_no_rate.pt,0.9201168417930603,0.2023504078388214,2,0.029,0.633,0.232,0.09878508746623993,0.2023504227399826,2.0483903788321087,-1.4901161193847656e-08,0.10436782240867615,0.10436783730983734,cyclic_or_reversing,cyclic_or_reversing,Cyclic / reversing
18,0.24540981650352478,0.22983290255069733,0.512584388256073,0.8133412599563599,paper_h0_no_rate,#1f77b4,artifacts/checkpoints/08_paper_rno_h0_no_rate.pt,0.5482584238052368,0.20933890342712402,2,0.015,0.428,0.51,-0.0708245187997818,0.20933891832828522,2.9557407783753895,-0.08682352304458618,-1.4901161193847656e-08,0.08682350814342499,cyclic_or_reversing,cyclic_or_reversing,Cyclic / reversing
19,0.21927478909492493,0.19045007228851318,0.5265405178070068,0.5996547341346741,paper_h0_no_rate,#1f77b4,artifacts/checkpoints/08_paper_rno_h0_no_rate.pt,0.5687475204467773,0.20617105066776276,1,0.022,0.774,0.136,0.13032202422618866,0.20617108047008514,1.5820125699603147,-0.037924543023109436,0.13032200932502747,0.1682465523481369,cyclic_or_reversing,cyclic_or_reversing,Cyclic / reversing
20,0.2670894265174866,0.20819665491580963,0.9963322877883911,0.9677398204803467,paper_h0_no_rate,#1f77b4,artifacts/checkpoints/08_paper_rno_h0_no_rate.pt,0.8682458996772766,0.1937498152256012,4,0.037,0.221,0.612,-0.031318724155426025,0.19374984502792358,6.18639009878599,-0.04667730629444122,0.03455863893032074,0.08123594522476196,cyclic_or_reversing,cyclic_or_reversing,Cyclic / reversing
21,0.25844308733940125,0.23018302023410797,0.730812668800354,0.9111100435256958,paper_h0_no_rate,#1f77b4,artifacts/checkpoints/08_paper_rno_h0_no_rate.pt,0.7595121264457703,0.18202048540115356,1,0.048,0.592,0.217,0.031134411692619324,0.18202050030231476,5.846280382411015,-0.07544305920600891,0.03113439679145813,0.10657745599746704,cyclic_or_reversing,cyclic_or_reversing,Cyclic / reversing
22,0.25291529297828674,0.16990189254283905,1.2249999046325684,0.6496441960334778,paper_h0_no_rate,#1f77b4,artifacts/checkpoints/08_paper_rno_h0_no_rate.pt,1.0570287704467773,0.19396546483039856,4,0.181,0.585,0.045,0.1329735368490219,0.19396547973155975,1.4586773002084572,-1.4901161193847656e-08,0.13297352194786072,0.1329735368490219,cyclic_or_reversing,cyclic_or_reversing,Cyclic / reversing
23,0.26474079489707947,0.234218567609787,0.5061408281326294,0.899957537651062,paper_h0_no_rate,#1f77b4,artifacts/checkpoints/08_paper_rno_h0_no_rate.pt,0.5555003881454468,0.21897177398204803,2,0.01,0.555,0.407,0.03526715934276581,0.21897177398204803,6.208942768756219,-1.4901161193847656e-08,0.09745627641677856,0.09745629131793976,cyclic_or_reversing,cyclic_or_reversing,Cyclic / reversing
24,0.25052177906036377,0.19576425850391388,0.7176483869552612,0.7364693284034729,paper_h0_no_rate,#1f77b4,artifacts/checkpoints/08_paper_rno_h0_no_rate.pt,0.5878210067749023,0.21140114963054657,2,0.057,0.147,0.731,-0.10237147659063339,0.21140119433403015,2.0650400030598712,-0.10237149149179459,-1.4901161193847656e-08,0.10237147659063339,cyclic_or_reversing,cyclic_or_reversing,Cyclic / reversing
25,0.23898501694202423,0.2091386318206787,0.4266500473022461,0.649401843547821,paper_h0_no_rate,#1f77b4,artifacts/checkpoints/08_paper_rno_h0_no_rate.pt,0.4619508683681488,0.21460361778736115,2,0.014,0.241,0.699,-0.1131410002708435,0.21460363268852234,1.8967804082772373,-0.13230746984481812,-1.4901161193847656e-08,0.13230745494365692,cyclic_or_reversing,cyclic_or_reversing,Cyclic / reversing
26,0.2676440477371216,0.2078273445367813,0.6102139949798584,0.8662785887718201,paper_h0_no_rate,#1f77b4,artifacts/checkpoints/08_paper_rno_h0_no_rate.pt,0.48345324397087097,0.2032444179058075,1,0.016,0.308,0.625,-0.01613938808441162,0.2032444328069687,12.59306931163525,-0.10969192534685135,-1.4901161193847656e-08,0.10969191044569016,cyclic_or_reversing,cyclic_or_reversing,Cyclic / reversing
27,0.25015801191329956,0.20730485022068024,0.7856589555740356,0.7814159393310547,paper_h0_no_rate,#1f77b4,artifacts/checkpoints/08_paper_rno_h0_no_rate.pt,0.8117108941078186,0.20170684158802032,2,0.033,0.312,0.551,-0.0812375396490097,0.2017068713903427,2.4829268865027547,-0.0849495530128479,-1.4901161193847656e-08,0.0849495381116867,cyclic_or_reversing,cyclic_or_reversing,Cyclic / reversing
28,0.2646271288394928,0.1941424459218979,0.877417802810669,0.768990159034729,paper_h0_no_rate,#1f77b4,artifacts/checkpoints/08_paper_rno_h0_no_rate.pt,0.7430165410041809,0.2020135521888733,4,0.1,0.165,0.611,-0.08777198195457458,0.20201358199119568,2.301572523375899,-0.10397513210773468,-1.4901161193847656e-08,0.10397511720657349,cyclic_or_reversing,cyclic_or_reversing,Cyclic / reversing
29,0.2297554314136505,0.19327929615974426,0.5809661149978638,0.757116973400116,paper_h0_no_rate,#1f77b4,artifacts/checkpoints/08_paper_rno_h0_no_rate.pt,0.493913859128952,0.2119446098804474,2,0.008,0.636,0.33,0.09208811819553375,0.21194462478160858,2.3015414901765934,-0.029208078980445862,0.09208810329437256,0.12129618227481842,cyclic_or_reversing,cyclic_or_reversing,Cyclic / reversing
30,0.26419180631637573,0.22410181164741516,0.8672974109649658,0.9279651641845703,paper_h0_no_rate,#1f77b4,artifacts/checkpoints/08_paper_rno_h0_no_rate.pt,0.8429139256477356,0.20877626538276672,3,0.041,0.322,0.517,-0.04870288074016571,0.20877628028392792,4.286733702539724,-0.048702895641326904,0.02436685562133789,0.0730697512626648,cyclic_or_reversing,cyclic_or_reversing,Cyclic / reversing
31,0.20543500781059265,0.1620752513408661,0.7091310024261475,0.5146876573562622,paper_h0_no_rate,#1f77b4,artifacts/checkpoints/08_paper_rno_h0_no_rate.pt,0.5847960710525513,0.2101573795080185,2,0.013,0.063,0.881,-0.15886729955673218,0.2101573944091797,1.3228486604495266,-0.15886731445789337,-1.4901161193847656e-08,0.15886729955673218,mixed_complex,mixed_complex,Mixed / complex
32,0.21855638921260834,0.14318645000457764,0.5947233438491821,0.6125379800796509,paper_h0_no_rate,#1f77b4,artifacts/checkpoints/08_paper_rno_h0_no_rate.pt,0.5778670310974121,0.19889459013938904,2,0.005,0.869,0.113,0.12972606718540192,0.19889460504055023,1.5331891990124145,-0.00046910345554351807,0.12972605228424072,0.13019515573978424,cyclic_or_reversing,cyclic_or_reversing,Cyclic / reversing
33,0.26447242498397827,0.25177741050720215,0.39786869287490845,0.8776909708976746,paper_h0_no_rate,#1f77b4,artifacts/checkpoints/08_paper_rno_h0_no_rate.pt,0.35512444376945496,0.22021682560443878,1,0.003,0.508,0.479,-0.01733669638633728,0.22021685540676117,12.702354040623769,-0.11877679079771042,-1.4901161193847656e-08,0.11877677589654922,cyclic_or_reversing,cyclic_or_reversing,Cyclic / reversing
34,0.2600880265235901,0.2114812284708023,1.3799877166748047,0.8979749083518982,paper_h0_no_rate,#1f77b4,artifacts/checkpoints/08_paper_rno_h0_no_rate.pt,1.2155473232269287,0.19376900792121887,2,0.049,0.517,0.267,0.04936714470386505,0.19376902282238007,3.9250603611126906,-0.055764228105545044,0.06580385565757751,0.12156808376312256,cyclic_or_reversing,cyclic_or_reversing,Cyclic / reversing
35,0.25627821683883667,0.21058812737464905,0.6000908613204956,0.8046260476112366,paper_h0_no_rate,#1f77b4,artifacts/checkpoints/08_paper_rno_h0_no_rate.pt,0.582769513130188,0.21696099638938904,2,0.01,0.259,0.703,-0.06831006705760956,0.21696101129055023,3.1761206017320873,-0.11110587418079376,0.03152966499328613,0.1426355391740799,cyclic_or_reversing,cyclic_or_reversing,Cyclic / reversing
36,0.2685285210609436,0.2527502179145813,0.5067030191421509,0.935640811920166,paper_h0_no_rate,#1f77b4,artifacts/checkpoints/08_paper_rno_h0_no_rate.pt,0.5756914615631104,0.21608658134937286,1,0.005,0.417,0.565,0.0005586147308349609,0.21608659625053406,386.8258102336897,-1.4901161193847656e-08,0.10832259058952332,0.10832260549068451,cyclic_or_reversing,cyclic_or_reversing,Cyclic / reversing
37,0.26873552799224854,0.23897846043109894,0.581067681312561,0.976534903049469,paper_h0_no_rate,#1f77b4,artifacts/checkpoints/08_paper_rno_h0_no_rate.pt,0.5933642387390137,0.2172217220067978,3,0.018,0.44,0.487,-0.021128714084625244,0.21722173690795898,10.280878241224539,-0.05122348666191101,0.045117199420928955,0.09634068608283997,cyclic_or_reversing,cyclic_or_reversing,Cyclic / reversing
38,0.1539451777935028,0.13944344222545624,0.26988667249679565,0.3074982464313507,paper_h0_no_rate,#1f77b4,artifacts/checkpoints/08_paper_rno_h0_no_rate.pt,0.35943087935447693,0.21785899996757507,0,0.0,0.0,1.0,-0.21785901486873627,0.21785901486873627,0.9999999999954099,-0.21785902976989746,-1.4901161193847656e-08,0.21785901486873627,monotonic,monotonic_slow,Monotonic slow
39,0.2552541196346283,0.2327694147825241,0.5663198828697205,0.9172576665878296,paper_h0_no_rate,#1f77b4,artifacts/checkpoints/08_paper_rno_h0_no_rate.pt,0.44408437609672546,0.21832850575447083,1,0.002,0.518,0.474,0.024766460061073303,0.2183285355567932,8.815492202340847,-0.09678105264902115,0.02476644515991211,0.12154749780893326,cyclic_or_reversing,cyclic_or_reversing,Cyclic / reversing
40,0.24362315237522125,0.21614134311676025,0.5158388614654541,0.8067290186882019,paper_h0_no_rate,#1f77b4,artifacts/checkpoints/08_paper_rno_h0_no_rate.pt,0.5302578210830688,0.21005967259407043,2,0.011,0.394,0.544,-0.0778818428516388,0.21005970239639282,2.6971588588863953,-0.07788185775279999,0.0011636912822723389,0.07904554903507233,cyclic_or_reversing,cyclic_or_reversing,Cyclic / reversing
41,0.2600352466106415,0.2179654836654663,0.6346243023872375,0.8527671694755554,paper_h0_no_rate,#1f77b4,artifacts/checkpoints/08_paper_rno_h0_no_rate.pt,0.5094707012176514,0.2175646722316742,3,0.019,0.31,0.614,-0.06163415312767029,0.2175646722316742,3.5299369130208733,-0.08926741778850555,-1.4901161193847656e-08,0.08926740288734436,cyclic_or_reversing,cyclic_or_reversing,Cyclic / reversing
42,0.22368818521499634,0.18566173315048218,0.6467844247817993,0.6497305631637573,paper_h0_no_rate,#1f77b4,artifacts/checkpoints/08_paper_rno_h0_no_rate.pt,0.6746649146080017,0.21143493056297302,2,0.017,0.179,0.756,-0.12296804040670395,0.2114349603652954,1.719430184170431,-0.12296805530786514,-1.4901161193847656e-08,0.12296804040670395,cyclic_or_reversing,cyclic_or_reversing,Cyclic / reversing
43,0.2585918605327606,0.21376803517341614,0.6709542274475098,0.9354923367500305,paper_h0_no_rate,#1f77b4,artifacts/checkpoints/08_paper_rno_h0_no_rate.pt,0.6511955857276917,0.2140415906906128,2,0.011,0.553,0.398,0.0352122038602829,0.21404163539409637,6.078620816728912,-0.06095297634601593,0.035212188959121704,0.09616516530513763,cyclic_or_reversing,cyclic_or_reversing,Cyclic / reversing
44,0.12578628957271576,0.0953177660703659,0.4828101396560669,0.25381606817245483,paper_h0_no_rate,#1f77b4,artifacts/checkpoints/08_paper_rno_h0_no_rate.pt,0.4785209596157074,0.21557195484638214,0,0.0,1.0,0.0,0.21557198464870453,0.21557198464870453,0.9999999999953612,-1.4901161193847656e-08,0.21557196974754333,0.21557198464870453,monotonic,monotonic_slow,Monotonic slow
45,0.28171080350875854,0.2354888916015625,0.7703815698623657,0.9230116009712219,paper_h0_no_rate,#1f77b4,artifacts/checkpoints/08_paper_rno_h0_no_rate.pt,0.7351636290550232,0.21279758214950562,3,0.04,0.371,0.533,-0.02140970528125763,0.2127975970506668,9.939305293801203,-0.09670613706111908,-1.4901161193847656e-08,0.09670612215995789,cyclic_or_reversing,cyclic_or_reversing,Cyclic / reversing
46,0.2671754062175751,0.23392163217067719,0.7790532112121582,0.9560964107513428,paper_h0_no_rate,#1f77b4,artifacts/checkpoints/08_paper_rno_h0_no_rate.pt,0.7849782109260559,0.20447100698947906,2,0.032,0.393,0.473,-0.02922159433364868,0.20447102189064026,6.997257560590885,-0.055901482701301575,0.031723231077194214,0.08762471377849579,cyclic_or_reversing,cyclic_or_reversing,Cyclic / reversing
47,0.21819564700126648,0.1702587902545929,0.7227540016174316,0.6079745292663574,paper_h0_no_rate,#1f77b4,artifacts/checkpoints/08_paper_rno_h0_no_rate.pt,0.7711648344993591,0.20869967341423035,2,0.028,0.738,0.141,0.13035182654857635,0.20869968831539154,1.6010492053674241,-1.4901161193847656e-08,0.13035181164741516,0.13035182654857635,cyclic_or_reversing,cyclic_or_reversing,Cyclic / reversing
48,0.26472750306129456,0.23209264874458313,1.041033387184143,0.9467135667800903,paper_h0_no_rate,#1f77b4,artifacts/checkpoints/08_paper_rno_h0_no_rate.pt,0.8793472647666931,0.21079780161380768,1,0.006,0.436,0.541,-0.019285142421722412,0.21079781651496887,10.930581267919479,-0.019285157322883606,0.09575632214546204,0.11504147946834564,cyclic_or_reversing,cyclic_or_reversing,Cyclic / reversing
49,0.174247145652771,0.1413709670305252,0.5467434525489807,0.34693005681037903,paper_h0_no_rate,#1f77b4,artifacts/checkpoints/08_paper_rno_h0_no_rate.pt,0.6204545497894287,0.20917688310146332,0,0.009,0.0,0.964,-0.2091768980026245,0.2091768980026245,0.9999999999952194,-0.2091769129037857,-1.4901161193847656e-08,0.2091768980026245,monotonic,monotonic_fast,Monotonic fast
50,0.2700939476490021,0.19913528859615326,1.2213958501815796,0.8321136832237244,paper_h0_no_rate,#1f77b4,artifacts/checkpoints/08_paper_rno_h0_no_rate.pt,1.171693205833435,0.19872088730335236,2,0.043,0.627,0.235,0.05374409258365631,0.19872088730335236,3.697539166566676,-0.015023961663246155,0.11120852828025818,0.12623248994350433,cyclic_or_reversing,cyclic_or_reversing,Cyclic / reversing
51,0.26219579577445984,0.2211347073316574,0.6575673222541809,0.795656144618988,paper_h0_no_rate,#1f77b4,artifacts/checkpoints/08_paper_rno_h0_no_rate.pt,0.5115270614624023,0.21203824877738953,1,0.007,0.625,0.345,0.05395983159542084,0.21203826367855072,3.9295575505950104,-1.4901161193847656e-08,0.13299903273582458,0.13299904763698578,cyclic_or_reversing,cyclic_or_reversing,Cyclic / reversing
52,0.25567612051963806,0.21057963371276855,0.7625793814659119,0.9125517010688782,paper_h0_no_rate,#1f77b4,artifacts/checkpoints/08_paper_rno_h0_no_rate.pt,0.7846652865409851,0.19603313505649567,3,0.033,0.239,0.621,-0.05336114764213562,0.19603314995765686,3.6737056569448536,-0.053361162543296814,0.04054462909698486,0.09390579164028168,cyclic_or_reversing,cyclic_or_reversing,Cyclic / reversing
53,0.23863039910793304,0.17198602855205536,1.084404468536377,0.7345767021179199,paper_h0_no_rate,#1f77b4,artifacts/checkpoints/08_paper_rno_h0_no_rate.pt,1.0564327239990234,0.20235992968082428,2,0.022,0.777,0.134,0.09975863993167877,0.20235992968082428,2.0284952743680655,-0.025797411799430847,0.09975862503051758,0.12555603682994843,cyclic_or_reversing,cyclic_or_reversing,Cyclic / reversing
54,0.21416929364204407,0.13393715023994446,0.9614022970199585,0.5172064304351807,paper_h0_no_rate,#1f77b4,artifacts/checkpoints/08_paper_rno_h0_no_rate.pt,0.813037097454071,0.19744448363780975,2,0.071,0.819,0.033,0.16056574881076813,0.19744451344013214,1.2296801459917652,-1.4901161193847656e-08,0.16056573390960693,0.16056574881076813,mixed_complex,mixed_complex,Mixed / complex
55,0.2681140601634979,0.23573440313339233,0.8002474904060364,0.8696871399879456,paper_h0_no_rate,#1f77b4,artifacts/checkpoints/08_paper_rno_h0_no_rate.pt,0.6237626075744629,0.21152840554714203,1,0.018,0.496,0.429,0.03458884358406067,0.21152842044830322,6.115510046703754,-1.4901161193847656e-08,0.12305861711502075,0.12305863201618195,cyclic_or_reversing,cyclic_or_reversing,Cyclic / reversing
56,0.21925507485866547,0.1639586091041565,0.7205575704574585,0.5166949033737183,paper_h0_no_rate,#1f77b4,artifacts/checkpoints/08_paper_rno_h0_no_rate.pt,0.6823986172676086,0.21416021883487701,2,0.014,0.067,0.887,-0.16101676225662231,0.21416021883487701,1.3300492186784048,-0.1610167771577835,-1.4901161193847656e-08,0.16101676225662231,mixed_complex,mixed_complex,Mixed / complex
57,0.23612557351589203,0.1961442083120346,0.6304746866226196,0.6671976447105408,paper_h0_no_rate,#1f77b4,artifacts/checkpoints/08_paper_rno_h0_no_rate.pt,0.6594210267066956,0.21190403401851654,2,0.027,0.201,0.692,-0.11811051517724991,0.21190404891967773,1.7941167100988136,-0.1181105300784111,0.007326096296310425,0.12543663382530212,cyclic_or_reversing,cyclic_or_reversing,Cyclic / reversing
58,0.24866215884685516,0.2119026482105255,0.5776369571685791,0.7333947420120239,paper_h0_no_rate,#1f77b4,artifacts/checkpoints/08_paper_rno_h0_no_rate.pt,0.4303008019924164,0.21980197727680206,1,0.002,0.29,0.701,-0.06907343864440918,0.21980199217796326,3.182149267337394,-0.1444377303123474,-1.4901161193847656e-08,0.14443771541118622,cyclic_or_reversing,cyclic_or_reversing,Cyclic / reversing
59,0.27124184370040894,0.22931723296642303,0.7679159045219421,0.9992959499359131,paper_h0_no_rate,#1f77b4,artifacts/checkpoints/08_paper_rno_h0_no_rate.pt,0.6531625390052795,0.21215158700942993,3,0.024,0.517,0.387,0.00013937056064605713,0.21215160191059113,1522.2124342826958,-0.04411490261554718,0.028043851256370544,0.07215875387191772,cyclic_or_reversing,cyclic_or_reversing,Cyclic / reversing
0,0.0034078273456543684,0.002654500538483262,0.017301321029663086,0.011014038696885109,paper_h0_with_rate,#d62728,artifacts/checkpoints/08_paper_rno_h0_with_rate.pt,0.5638152360916138,0.20780320465564728,2,0.085,0.252,0.565,-0.06815621256828308,0.20780321955680847,3.0489255744011525,-0.06972689926624298,9.660422801971436e-05,0.0698235034942627,cyclic_or_reversing,cyclic_or_reversing,Cyclic / reversing
1,0.0028012366965413094,0.0018661224748939276,0.010752260684967041,0.008797576650977135,paper_h0_with_rate,#d62728,artifacts/checkpoints/08_paper_rno_h0_with_rate.pt,0.5405545234680176,0.20860211551189423,2,0.025,0.184,0.718,-0.0857379287481308,0.2086021453142166,2.4330205821111743,-0.08573794364929199,0.016302913427352905,0.1020408570766449,cyclic_or_reversing,cyclic_or_reversing,Cyclic / reversing
2,0.004310360178351402,0.0029090933967381716,0.02424788475036621,0.015418162569403648,paper_h0_with_rate,#d62728,artifacts/checkpoints/08_paper_rno_h0_with_rate.pt,0.706225574016571,0.20561565458774567,3,0.029,0.366,0.518,-0.0005443543195724487,0.20561568439006805,377.7239871520454,-0.0005443692207336426,0.0704430639743805,0.07098743319511414,cyclic_or_reversing,cyclic_or_reversing,Cyclic / reversing
3,0.002298204228281975,0.0017829032149165869,0.009684383869171143,0.0071187312714755535,paper_h0_with_rate,#d62728,artifacts/checkpoints/08_paper_rno_h0_with_rate.pt,0.6304978728294373,0.2093740999698639,2,0.009,0.749,0.216,0.07352741062641144,0.20937411487102509,2.847565460070332,-0.026634901762008667,0.1148158609867096,0.14145076274871826,cyclic_or_reversing,cyclic_or_reversing,Cyclic / reversing
4,0.0021554434206336737,0.001372410566546023,0.017210423946380615,0.0046625263057649136,paper_h0_with_rate,#d62728,artifacts/checkpoints/08_paper_rno_h0_with_rate.pt,0.694200336933136,0.2007628232240677,0,0.0,0.0,1.0,-0.20076283812522888,0.20076283812522888,0.999999999995019,-0.20076285302639008,-1.4901161193847656e-08,0.20076283812522888,monotonic,monotonic_fast,Monotonic fast
5,0.0028523269575089216,0.0014595360262319446,0.016980230808258057,0.00866688322275877,paper_h0_with_rate,#d62728,artifacts/checkpoints/08_paper_rno_h0_with_rate.pt,0.6410776972770691,0.19745376706123352,2,0.029,0.745,0.136,0.09251545369625092,0.19745378196239471,2.134278913105109,-1.4901161193847656e-08,0.11412984132766724,0.11412985622882843,cyclic_or_reversing,cyclic_or_reversing,Cyclic / reversing
6,0.004084212705492973,0.0029799106996506453,0.021702349185943604,0.011391006410121918,paper_h0_with_rate,#d62728,artifacts/checkpoints/08_paper_rno_h0_with_rate.pt,0.6744264960289001,0.19424116611480713,2,0.036,0.092,0.756,-0.13188768923282623,0.19424118101596832,1.472777195084481,-0.13188770413398743,-1.4901161193847656e-08,0.13188768923282623,cyclic_or_reversing,cyclic_or_reversing,Cyclic / reversing
7,0.0030705900862812996,0.0024988437071442604,0.011209607124328613,0.010518863797187805,paper_h0_with_rate,#d62728,artifacts/checkpoints/08_paper_rno_h0_with_rate.pt,0.5442053079605103,0.2193910926580429,3,0.05,0.473,0.411,0.018435269594192505,0.2193911075592041,11.900618346065103,-0.07160413265228271,0.01843525469303131,0.09003938734531403,cyclic_or_reversing,cyclic_or_reversing,Cyclic / reversing
8,0.001997824525460601,0.001657375949434936,0.0065441131591796875,0.006721892859786749,paper_h0_with_rate,#d62728,artifacts/checkpoints/08_paper_rno_h0_with_rate.pt,0.48431751132011414,0.21167029440402985,2,0.013,0.584,0.362,0.08588223159313202,0.21167032420635223,2.4646579423631882,-0.03106585144996643,0.08588221669197083,0.11694806814193726,cyclic_or_reversing,cyclic_or_reversing,Cyclic / reversing
9,0.0019412743858993053,0.001173179829493165,0.00744175910949707,0.005955293774604797,paper_h0_with_rate,#d62728,artifacts/checkpoints/08_paper_rno_h0_with_rate.pt,0.42813268303871155,0.2157018780708313,1,0.001,0.288,0.707,-0.0649167150259018,0.2157018929719925,3.322748122461289,-0.14030931890010834,-1.4901161193847656e-08,0.14030930399894714,cyclic_or_reversing,cyclic_or_reversing,Cyclic / reversing
10,0.0032532180193811655,0.002647513523697853,0.008387207984924316,0.010556107386946678,paper_h0_with_rate,#d62728,artifacts/checkpoints/08_paper_rno_h0_with_rate.pt,0.4227757155895233,0.21528348326683044,3,0.012,0.667,0.283,0.06302739679813385,0.21528349816799164,3.415712993098743,-1.4901161193847656e-08,0.09550651907920837,0.09550653398036957,cyclic_or_reversing,cyclic_or_reversing,Cyclic / reversing
11,0.0023481862153857946,0.0017826213734224439,0.00975733995437622,0.006173448171466589,paper_h0_with_rate,#d62728,artifacts/checkpoints/08_paper_rno_h0_with_rate.pt,0.5053877830505371,0.21861304342746735,2,0.018,0.126,0.812,-0.1456127017736435,0.21861304342746735,1.5013322379376102,-0.1456127166748047,-1.4901161193847656e-08,0.1456127017736435,cyclic_or_reversing,cyclic_or_reversing,Cyclic / reversing
12,0.002864294918254018,0.002080259844660759,0.011282622814178467,0.008920257911086082,paper_h0_with_rate,#d62728,artifacts/checkpoints/08_paper_rno_h0_with_rate.pt,0.5419999361038208,0.21164001524448395,1,0.017,0.322,0.609,-0.05056248605251312,0.21164004504680634,4.185712799461952,-0.13110128045082092,-1.4901161193847656e-08,0.13110126554965973,cyclic_or_reversing,cyclic_or_reversing,Cyclic / reversing
13,0.0044494750909507275,0.0031181336380541325,0.026622295379638672,0.014057425782084465,paper_h0_with_rate,#d62728,artifacts/checkpoints/08_paper_rno_h0_with_rate.pt,0.6879120469093323,0.20400647819042206,1,0.076,0.569,0.267,0.07650463283061981,0.20400650799274445,2.6665902500538157,-0.06375095248222351,0.07650461792945862,0.14025557041168213,cyclic_or_reversing,cyclic_or_reversing,Cyclic / reversing
14,0.001961564412340522,0.0015724844997748733,0.010168075561523438,0.006385171320289373,paper_h0_with_rate,#d62728,artifacts/checkpoints/08_paper_rno_h0_with_rate.pt,0.661238968372345,0.20742353796958923,1,0.004,0.186,0.797,-0.09072728455066681,0.20742355287075043,2.286231246705374,-0.090727299451828,0.058348119258880615,0.14907541871070862,cyclic_or_reversing,cyclic_or_reversing,Cyclic / reversing
15,0.003751499578356743,0.0018434756202623248,0.023997902870178223,0.009740576148033142,paper_h0_with_rate,#d62728,artifacts/checkpoints/08_paper_rno_h0_with_rate.pt,0.6678997874259949,0.19373033940792084,2,0.03,0.796,0.081,0.13536502420902252,0.19373036921024323,1.4311700554913305,-1.4901161193847656e-08,0.13536500930786133,0.13536502420902252,cyclic_or_reversing,cyclic_or_reversing,Cyclic / reversing
16,0.001670751953497529,0.0012207956751808524,0.008635938167572021,0.004208846483379602,paper_h0_with_rate,#d62728,artifacts/checkpoints/08_paper_rno_h0_with_rate.pt,0.560373067855835,0.21004925668239594,1,0.007,0.915,0.056,0.1618543416261673,0.21004925668239594,1.2977672058142622,-0.024097472429275513,0.1618543267250061,0.18595179915428162,mixed_complex,mixed_complex,Mixed / complex
17,0.0056230793707072735,0.002445690566673875,0.05767989158630371,0.016291504725813866,paper_h0_with_rate,#d62728,artifacts/checkpoints/08_paper_rno_h0_with_rate.pt,0.9201168417930603,0.2023504078388214,2,0.029,0.633,0.232,0.09878508746623993,0.2023504227399826,2.0483903788321087,-1.4901161193847656e-08,0.10436782240867615,0.10436783730983734,cyclic_or_reversing,cyclic_or_reversing,Cyclic / reversing
18,0.0032131050247699022,0.002440078416839242,0.009416401386260986,0.010648924857378006,paper_h0_with_rate,#d62728,artifacts/checkpoints/08_paper_rno_h0_with_rate.pt,0.5482584238052368,0.20933890342712402,2,0.015,0.428,0.51,-0.0708245187997818,0.20933891832828522,2.9557407783753895,-0.08682352304458618,-1.4901161193847656e-08,0.08682350814342499,cyclic_or_reversing,cyclic_or_reversing,Cyclic / reversing
19,0.0027863753493875265,0.0018720905063673854,0.01409304141998291,0.007619950920343399,paper_h0_with_rate,#d62728,artifacts/checkpoints/08_paper_rno_h0_with_rate.pt,0.5687475204467773,0.20617105066776276,1,0.022,0.774,0.136,0.13032202422618866,0.20617108047008514,1.5820125699603147,-0.037924543023109436,0.13032200932502747,0.1682465523481369,cyclic_or_reversing,cyclic_or_reversing,Cyclic / reversing
20,0.004079901613295078,0.0021183062344789505,0.047321438789367676,0.014782627113163471,paper_h0_with_rate,#d62728,artifacts/checkpoints/08_paper_rno_h0_with_rate.pt,0.8682458996772766,0.1937498152256012,4,0.037,0.221,0.612,-0.031318724155426025,0.19374984502792358,6.18639009878599,-0.04667730629444122,0.03455863893032074,0.08123594522476196,cyclic_or_reversing,cyclic_or_reversing,Cyclic / reversing
21,0.005277130287140608,0.0038844519294798374,0.02966862916946411,0.018603889271616936,paper_h0_with_rate,#d62728,artifacts/checkpoints/08_paper_rno_h0_with_rate.pt,0.7595121264457703,0.18202048540115356,1,0.048,0.592,0.217,0.031134411692619324,0.18202050030231476,5.846280382411015,-0.07544305920600891,0.03113439679145813,0.10657745599746704,cyclic_or_reversing,cyclic_or_reversing,Cyclic / reversing
22,0.010950506664812565,0.004596410784870386,0.09745907783508301,0.028127728030085564,paper_h0_with_rate,#d62728,artifacts/checkpoints/08_paper_rno_h0_with_rate.pt,1.0570287704467773,0.19396546483039856,4,0.181,0.585,0.045,0.1329735368490219,0.19396547973155975,1.4586773002084572,-1.4901161193847656e-08,0.13297352194786072,0.1329735368490219,cyclic_or_reversing,cyclic_or_reversing,Cyclic / reversing
23,0.0031466910149902105,0.0021956574637442827,0.010386228561401367,0.010696833953261375,paper_h0_with_rate,#d62728,artifacts/checkpoints/08_paper_rno_h0_with_rate.pt,0.5555003881454468,0.21897177398204803,2,0.01,0.555,0.407,0.03526715934276581,0.21897177398204803,6.208942768756219,-1.4901161193847656e-08,0.09745627641677856,0.09745629131793976,cyclic_or_reversing,cyclic_or_reversing,Cyclic / reversing
24,0.0041133081540465355,0.0029733257833868265,0.013288736343383789,0.012092063203454018,paper_h0_with_rate,#d62728,artifacts/checkpoints/08_paper_rno_h0_with_rate.pt,0.5878210067749023,0.21140114963054657,2,0.057,0.147,0.731,-0.10237147659063339,0.21140119433403015,2.0650400030598712,-0.10237149149179459,-1.4901161193847656e-08,0.10237147659063339,cyclic_or_reversing,cyclic_or_reversing,Cyclic / reversing
25,0.003290618071332574,0.002405910287052393,0.010381877422332764,0.008941704407334328,paper_h0_with_rate,#d62728,artifacts/checkpoints/08_paper_rno_h0_with_rate.pt,0.4619508683681488,0.21460361778736115,2,0.014,0.241,0.699,-0.1131410002708435,0.21460363268852234,1.8967804082772373,-0.13230746984481812,-1.4901161193847656e-08,0.13230745494365692,cyclic_or_reversing,cyclic_or_reversing,Cyclic / reversing
26,0.0037200069054961205,0.0021375154610723257,0.011191129684448242,0.012040478177368641,paper_h0_with_rate,#d62728,artifacts/checkpoints/08_paper_rno_h0_with_rate.pt,0.48345324397087097,0.2032444179058075,1,0.016,0.308,0.625,-0.01613938808441162,0.2032444328069687,12.59306931163525,-0.10969192534685135,-1.4901161193847656e-08,0.10969191044569016,cyclic_or_reversing,cyclic_or_reversing,Cyclic / reversing
27,0.004646838642656803,0.00272011524066329,0.038587093353271484,0.014515280723571777,paper_h0_with_rate,#d62728,artifacts/checkpoints/08_paper_rno_h0_with_rate.pt,0.8117108941078186,0.20170684158802032,2,0.033,0.312,0.551,-0.0812375396490097,0.2017068713903427,2.4829268865027547,-0.0849495530128479,-1.4901161193847656e-08,0.0849495381116867,cyclic_or_reversing,cyclic_or_reversing,Cyclic / reversing
28,0.004844148177653551,0.0029719166923314333,0.03574776649475098,0.014076797291636467,paper_h0_with_rate,#d62728,artifacts/checkpoints/08_paper_rno_h0_with_rate.pt,0.7430165410041809,0.2020135521888733,4,0.1,0.165,0.611,-0.08777198195457458,0.20201358199119568,2.301572523375899,-0.10397513210773468,-1.4901161193847656e-08,0.10397511720657349,cyclic_or_reversing,cyclic_or_reversing,Cyclic / reversing
29,0.0018202724168077111,0.001371225225739181,0.008487343788146973,0.0059983739629387856,paper_h0_with_rate,#d62728,artifacts/checkpoints/08_paper_rno_h0_with_rate.pt,0.493913859128952,0.2119446098804474,2,0.008,0.636,0.33,0.09208811819553375,0.21194462478160858,2.3015414901765934,-0.029208078980445862,0.09208810329437256,0.12129618227481842,cyclic_or_reversing,cyclic_or_reversing,Cyclic / reversing
30,0.0026722054462879896,0.0019639073871076107,0.015547513961791992,0.009386034682393074,paper_h0_with_rate,#d62728,artifacts/checkpoints/08_paper_rno_h0_with_rate.pt,0.8429139256477356,0.20877626538276672,3,0.041,0.322,0.517,-0.04870288074016571,0.20877628028392792,4.286733702539724,-0.048702895641326904,0.02436685562133789,0.0730697512626648,cyclic_or_reversing,cyclic_or_reversing,Cyclic / reversing
31,0.0029955150093883276,0.0021238946355879307,0.015747547149658203,0.007504829205572605,paper_h0_with_rate,#d62728,artifacts/checkpoints/08_paper_rno_h0_with_rate.pt,0.5847960710525513,0.2101573795080185,2,0.013,0.063,0.881,-0.15886729955673218,0.2101573944091797,1.3228486604495266,-0.15886731445789337,-1.4901161193847656e-08,0.15886729955673218,mixed_complex,mixed_complex,Mixed / complex
32,0.0023255271371454,0.001936214161105454,0.009099006652832031,0.0065176477655768394,paper_h0_with_rate,#d62728,artifacts/checkpoints/08_paper_rno_h0_with_rate.pt,0.5778670310974121,0.19889459013938904,2,0.005,0.869,0.113,0.12972606718540192,0.19889460504055023,1.5331891990124145,-0.00046910345554351807,0.12972605228424072,0.13019515573978424,cyclic_or_reversing,cyclic_or_reversing,Cyclic / reversing
33,0.0033713839948177338,0.002953530289232731,0.005898118019104004,0.011188438162207603,paper_h0_with_rate,#d62728,artifacts/checkpoints/08_paper_rno_h0_with_rate.pt,0.35512444376945496,0.22021682560443878,1,0.003,0.508,0.479,-0.01733669638633728,0.22021685540676117,12.702354040623769,-0.11877679079771042,-1.4901161193847656e-08,0.11877677589654922,cyclic_or_reversing,cyclic_or_reversing,Cyclic / reversing
34,0.007374638691544533,0.0028361540753394365,0.0950697660446167,0.025461534038186073,paper_h0_with_rate,#d62728,artifacts/checkpoints/08_paper_rno_h0_with_rate.pt,1.2155473232269287,0.19376900792121887,2,0.049,0.517,0.267,0.04936714470386505,0.19376902282238007,3.9250603611126906,-0.055764228105545044,0.06580385565757751,0.12156808376312256,cyclic_or_reversing,cyclic_or_reversing,Cyclic / reversing
35,0.0020775378216058016,0.0015370805049315095,0.008788585662841797,0.006522758398205042,paper_h0_with_rate,#d62728,artifacts/checkpoints/08_paper_rno_h0_with_rate.pt,0.582769513130188,0.21696099638938904,2,0.01,0.259,0.703,-0.06831006705760956,0.21696101129055023,3.1761206017320873,-0.11110587418079376,0.03152966499328613,0.1426355391740799,cyclic_or_reversing,cyclic_or_reversing,Cyclic / reversing
36,0.004047559108585119,0.0032756596338003874,0.011386394500732422,0.014103014022111893,paper_h0_with_rate,#d62728,artifacts/checkpoints/08_paper_rno_h0_with_rate.pt,0.5756914615631104,0.21608658134937286,1,0.005,0.417,0.565,0.0005586147308349609,0.21608659625053406,386.8258102336897,-1.4901161193847656e-08,0.10832259058952332,0.10832260549068451,cyclic_or_reversing,cyclic_or_reversing,Cyclic / reversing
37,0.0025520690251141787,0.0021007962059229612,0.010467171669006348,0.009273744188249111,paper_h0_with_rate,#d62728,artifacts/checkpoints/08_paper_rno_h0_with_rate.pt,0.5933642387390137,0.2172217220067978,3,0.018,0.44,0.487,-0.021128714084625244,0.21722173690795898,10.280878241224539,-0.05122348666191101,0.045117199420928955,0.09634068608283997,cyclic_or_reversing,cyclic_or_reversing,Cyclic / reversing
38,0.0013805500930175185,0.0010855913860723376,0.0058248043060302734,0.0027575837448239326,paper_h0_with_rate,#d62728,artifacts/checkpoints/08_paper_rno_h0_with_rate.pt,0.35943087935447693,0.21785899996757507,0,0.0,0.0,1.0,-0.21785901486873627,0.21785901486873627,0.9999999999954099,-0.21785902976989746,-1.4901161193847656e-08,0.21785901486873627,monotonic,monotonic_slow,Monotonic slow
39,0.0027734509203583,0.0022439127787947655,0.007548213005065918,0.009966417215764523,paper_h0_with_rate,#d62728,artifacts/checkpoints/08_paper_rno_h0_with_rate.pt,0.44408437609672546,0.21832850575447083,1,0.002,0.518,0.474,0.024766460061073303,0.2183285355567932,8.815492202340847,-0.09678105264902115,0.02476644515991211,0.12154749780893326,cyclic_or_reversing,cyclic_or_reversing,Cyclic / reversing
40,0.00272052432410419,0.002112179296091199,0.01012873649597168,0.009008691646158695,paper_h0_with_rate,#d62728,artifacts/checkpoints/08_paper_rno_h0_with_rate.pt,0.5302578210830688,0.21005967259407043,2,0.011,0.394,0.544,-0.0778818428516388,0.21005970239639282,2.6971588588863953,-0.07788185775279999,0.0011636912822723389,0.07904554903507233,cyclic_or_reversing,cyclic_or_reversing,Cyclic / reversing
41,0.00229864614084363,0.001792782568372786,0.008279383182525635,0.007538246922194958,paper_h0_with_rate,#d62728,artifacts/checkpoints/08_paper_rno_h0_with_rate.pt,0.5094707012176514,0.2175646722316742,3,0.019,0.31,0.614,-0.06163415312767029,0.2175646722316742,3.5299369130208733,-0.08926741778850555,-1.4901161193847656e-08,0.08926740288734436,cyclic_or_reversing,cyclic_or_reversing,Cyclic / reversing
42,0.003884875914081931,0.0025525789242237806,0.020701050758361816,0.011284112930297852,paper_h0_with_rate,#d62728,artifacts/checkpoints/08_paper_rno_h0_with_rate.pt,0.6746649146080017,0.21143493056297302,2,0.017,0.179,0.756,-0.12296804040670395,0.2114349603652954,1.719430184170431,-0.12296805530786514,-1.4901161193847656e-08,0.12296804040670395,cyclic_or_reversing,cyclic_or_reversing,Cyclic / reversing
43,0.002526536351069808,0.0022845196072012186,0.009267449378967285,0.009140100330114365,paper_h0_with_rate,#d62728,artifacts/checkpoints/08_paper_rno_h0_with_rate.pt,0.6511955857276917,0.2140415906906128,2,0.011,0.553,0.398,0.0352122038602829,0.21404163539409637,6.078620816728912,-0.06095297634601593,0.035212188959121704,0.09616516530513763,cyclic_or_reversing,cyclic_or_reversing,Cyclic / reversing
44,0.0013690771302208304,0.001130425138399005,0.006790280342102051,0.0027625728398561478,paper_h0_with_rate,#d62728,artifacts/checkpoints/08_paper_rno_h0_with_rate.pt,0.4785209596157074,0.21557195484638214,0,0.0,1.0,0.0,0.21557198464870453,0.21557198464870453,0.9999999999953612,-1.4901161193847656e-08,0.21557196974754333,0.21557198464870453,monotonic,monotonic_slow,Monotonic slow
45,0.0049952114932239056,0.0025807563215494156,0.03491377830505371,0.016366563737392426,paper_h0_with_rate,#d62728,artifacts/checkpoints/08_paper_rno_h0_with_rate.pt,0.7351636290550232,0.21279758214950562,3,0.04,0.371,0.533,-0.02140970528125763,0.2127975970506668,9.939305293801203,-0.09670613706111908,-1.4901161193847656e-08,0.09670612215995789,cyclic_or_reversing,cyclic_or_reversing,Cyclic / reversing
46,0.00410313718020916,0.0025649762246757746,0.027138710021972656,0.01468321867287159,paper_h0_with_rate,#d62728,artifacts/checkpoints/08_paper_rno_h0_with_rate.pt,0.7849782109260559,0.20447100698947906,2,0.032,0.393,0.473,-0.02922159433364868,0.20447102189064026,6.997257560590885,-0.055901482701301575,0.031723231077194214,0.08762471377849579,cyclic_or_reversing,cyclic_or_reversing,Cyclic / reversing
47,0.0049066501669585705,0.0028319363482296467,0.032549142837524414,0.013671759516000748,paper_h0_with_rate,#d62728,artifacts/checkpoints/08_paper_rno_h0_with_rate.pt,0.7711648344993591,0.20869967341423035,2,0.028,0.738,0.141,0.13035182654857635,0.20869968831539154,1.6010492053674241,-1.4901161193847656e-08,0.13035181164741516,0.13035182654857635,cyclic_or_reversing,cyclic_or_reversing,Cyclic / reversing
48,0.005966602824628353,0.0034592391457408667,0.05350387096405029,0.02133765257894993,paper_h0_with_rate,#d62728,artifacts/checkpoints/08_paper_rno_h0_with_rate.pt,0.8793472647666931,0.21079780161380768,1,0.006,0.436,0.541,-0.019285142421722412,0.21079781651496887,10.930581267919479,-0.019285157322883606,0.09575632214546204,0.11504147946834564,cyclic_or_reversing,cyclic_or_reversing,Cyclic / reversing
49,0.0026375497691333294,0.0018967282958328724,0.016039013862609863,0.0052514225244522095,paper_h0_with_rate,#d62728,artifacts/checkpoints/08_paper_rno_h0_with_rate.pt,0.6204545497894287,0.20917688310146332,0,0.009,0.0,0.964,-0.2091768980026245,0.2091768980026245,0.9999999999952194,-0.2091769129037857,-1.4901161193847656e-08,0.2091768980026245,monotonic,monotonic_fast,Monotonic fast
50,0.006423959042876959,0.0025498876348137856,0.07515335083007812,0.019791129976511,paper_h0_with_rate,#d62728,artifacts/checkpoints/08_paper_rno_h0_with_rate.pt,1.171693205833435,0.19872088730335236,2,0.043,0.627,0.235,0.05374409258365631,0.19872088730335236,3.697539166566676,-0.015023961663246155,0.11120852828025818,0.12623248994350433,cyclic_or_reversing,cyclic_or_reversing,Cyclic / reversing
51,0.0032171609345823526,0.00224060146138072,0.010819196701049805,0.00976275559514761,paper_h0_with_rate,#d62728,artifacts/checkpoints/08_paper_rno_h0_with_rate.pt,0.5115270614624023,0.21203824877738953,1,0.007,0.625,0.345,0.05395983159542084,0.21203826367855072,3.9295575505950104,-1.4901161193847656e-08,0.13299903273582458,0.13299904763698578,cyclic_or_reversing,cyclic_or_reversing,Cyclic / reversing
52,0.002739492105320096,0.0018285783007740974,0.019655942916870117,0.009777715429663658,paper_h0_with_rate,#d62728,artifacts/checkpoints/08_paper_rno_h0_with_rate.pt,0.7846652865409851,0.19603313505649567,3,0.033,0.239,0.621,-0.05336114764213562,0.19603314995765686,3.6737056569448536,-0.053361162543296814,0.04054462909698486,0.09390579164028168,cyclic_or_reversing,cyclic_or_reversing,Cyclic / reversing
53,0.0038937795907258987,0.0017020337982103229,0.04139912128448486,0.011986233294010162,paper_h0_with_rate,#d62728,artifacts/checkpoints/08_paper_rno_h0_with_rate.pt,1.0564327239990234,0.20235992968082428,2,0.022,0.777,0.134,0.09975863993167877,0.20235992968082428,2.0284952743680655,-0.025797411799430847,0.09975862503051758,0.12555603682994843,cyclic_or_reversing,cyclic_or_reversing,Cyclic / reversing
54,0.005673675332218409,0.002881404012441635,0.04363727569580078,0.013701599091291428,paper_h0_with_rate,#d62728,artifacts/checkpoints/08_paper_rno_h0_with_rate.pt,0.813037097454071,0.19744448363780975,2,0.071,0.819,0.033,0.16056574881076813,0.19744451344013214,1.2296801459917652,-1.4901161193847656e-08,0.16056573390960693,0.16056574881076813,mixed_complex,mixed_complex,Mixed / complex
55,0.004908869042992592,0.0036682328209280968,0.0187758207321167,0.015922999009490013,paper_h0_with_rate,#d62728,artifacts/checkpoints/08_paper_rno_h0_with_rate.pt,0.6237626075744629,0.21152840554714203,1,0.018,0.496,0.429,0.03458884358406067,0.21152842044830322,6.115510046703754,-1.4901161193847656e-08,0.12305861711502075,0.12305863201618195,cyclic_or_reversing,cyclic_or_reversing,Cyclic / reversing
56,0.0035908184945583344,0.0021175150759518147,0.01880359649658203,0.008462095633149147,paper_h0_with_rate,#d62728,artifacts/checkpoints/08_paper_rno_h0_with_rate.pt,0.6823986172676086,0.21416021883487701,2,0.014,0.067,0.887,-0.16101676225662231,0.21416021883487701,1.3300492186784048,-0.1610167771577835,-1.4901161193847656e-08,0.16101676225662231,mixed_complex,mixed_complex,Mixed / complex
57,0.003079713322222233,0.0021727296989411116,0.01946854591369629,0.008702054619789124,paper_h0_with_rate,#d62728,artifacts/checkpoints/08_paper_rno_h0_with_rate.pt,0.6594210267066956,0.21190403401851654,2,0.027,0.201,0.692,-0.11811051517724991,0.21190404891967773,1.7941167100988136,-0.1181105300784111,0.007326096296310425,0.12543663382530212,cyclic_or_reversing,cyclic_or_reversing,Cyclic / reversing
58,0.0021824853029102087,0.0015061874873936176,0.00793600082397461,0.006436938885599375,paper_h0_with_rate,#d62728,artifacts/checkpoints/08_paper_rno_h0_with_rate.pt,0.4303008019924164,0.21980197727680206,1,0.002,0.29,0.701,-0.06907343864440918,0.21980199217796326,3.182149267337394,-0.1444377303123474,-1.4901161193847656e-08,0.14443771541118622,cyclic_or_reversing,cyclic_or_reversing,Cyclic / reversing
59,0.00295948120765388,0.0020112718921154737,0.02237987518310547,0.010903175920248032,paper_h0_with_rate,#d62728,artifacts/checkpoints/08_paper_rno_h0_with_rate.pt,0.6531625390052795,0.21215158700942993,3,0.024,0.517,0.387,0.00013937056064605713,0.21215160191059113,1522.2124342826958,-0.04411490261554718,0.028043851256370544,0.07215875387191772,cyclic_or_reversing,cyclic_or_reversing,Cyclic / reversing
